date,title
20170501,대구은행의료봉사활동
20170501,"이랜드,리테일지분69%6000억에매각…내달3000억원채권상환"
20170501,케이뱅크한달만에25만명돌파...은산분리완화는과제
20170501,한국은행금고에올해돌아온동전급증
20170501,'BNK주가조작'성세환회장등4명정식재판에넘겨(종합)
20170501,[모바일한경]경기해석놓고맞부딪힌한은·한경연등
20170501,오토바이배달맨도산재보험가입됩니다
20170501,어린이날선물로보험·적금어떠세요
20170501,은행대출연체율0.51%...3개월만에하락세전환
20170501,'야근지옥'은행권에'유연근무'바람분다
20170501,모바일로투자체험하세요
20170501,"산업은행,친환경사업중소기업에1000억지원"
20170501,"농협은행,청소년대상`허그팜금융교육`진행"
20170501,"""KB국민은행`리브통`으로저축습관길러요"""
20170501,"""대기업들현금배당·자사주매입에만올인"""
20170501,"국내8개카드사,사회공헌비용`뒷걸음질`"
20170501,"케이뱅크행장심성훈""대주주손실분담원칙논의해볼만"""
20170501,[알아봅시다]똑똑한급전마련법
20170501,서울보증·수협銀CEO낙하산주의보
20170501,저축銀에백지MOU압박한금융당국
20170501,IFRS17시대…보험의틀이바뀐다
20170501,[보험업판도바꾸는IFRS17]질병·사고대비하는보장성상품으로보험산업'무게중심'이동
20170501,"[보험업판도바꾸는IFRS17]미국·중국·일본""계획없다""…대만은2023년에나"
20170501,새정부출범임박…금융위'정책밑그림'서두른다
20170501,[보험업판도바꾸는IFRS17]저축성보험판매고집땐…20년전일본보험업계처럼줄파산할수도
20170501,3호인터넷銀누구?…아이뱅크인가재도전유력
20170501,집토끼이탈막아라…시중은행도예금금리↑대출↓
20170501,25만가입케이뱅크`돌풍`…차별화없인`미풍`될수도
20170501,"""국내상장사60%,'지배기구-외부감사대화'연2회이하"""
20170501,"내아이를위한금융상품찾기,꿀팁은?"
20170501,‘코스닥라이징스타’전년비30%줄어
20170501,"산은,다문화가정영유아보육시설에1000만원후원"
20170501,재도전인터파크·금융뛰어든SKT...세번째인터넷전문은행주인은?
20170501,"산업은행,안산외국인아동보육시설후원금전달"
20170501,"DGB대구은행,문경서의료봉사"
20170501,"성세환BNK회장,'주가조작'혐의로구속기소"
20170501,"산업은행,'친환경기업지원특별온렌딩'출시"
20170501,"BNK경남은행,근로자의날맞아'기업체우수사원시상'"
20170501,상장사네곳중하나는경영진에직접감사보고...감사체계취약
20170501,"산업은행,'KDB키다리아저씨'열한번째나눔실천"
20170502,"카카오,코스피로이전상장추진…6월임시주총개최"
20170502,[마이머니]투자·은퇴대비한번에…변액보험이달라졌다
20170502,코스피장중한때사상최고치
20170502,[서울경제TV]카드사간편결제특화카드출시바람
20170502,신용등급무시하고고금리받은저축은행14곳무더기제재
20170502,"한은금통위원""경제회복세생각보다빨라질수있어"""
20170502,대우조선해양사외이사후보에연세대윤태석교수
20170502,"금융위,자본시장법개정…7월부터초대형IB본격시행"
20170502,카카오코스피행굳혔다…“임시주총서가결시이전상장”
20170502,보험사자산운용한도폐지…자유로운해외투자길열려(종합)
20170502,"일회성이익늘고대손비용줄고···은행,1분기4조3,000억벌었다"
20170502,‘제멋대로대출금리’저축은행무더기제재
20170502,"현대모비스,중국현대자동차그룹에230억원출자"
20170502,[올댓차이나]홍콩항셍지수기술주·금융주강세로반등마감...H주는0.45%↓
20170502,사람대신자산관리한다…로보어드바이저이달중상용화
20170502,"농협은행,충정로역지점개점"
20170502,"지역난방공사,1분기개별영업이익1188억…전년比32.8%↓"
20170502,무차별고금리부과해온저축은행14곳무더기적발
20170502,자본변동성줄이려면장기자산투자'필수'
20170502,"""충당금리스크벗어났다""…한숨돌린산업은행·수출입은행,1분기순익1조"
20170502,보험사들해외부동산·미국국채'투자한도'없어진다
20170502,"금감원,SBI·OK등14개저축은행에징계"
20170502,“코스피6년전과는판이다르다”
20170502,"""신용등급따지지않고高금리""…저축은행14곳경영유의조치"
20170502,"NH농협은행,‘충정로역지점’개점"
20170502,"금감원,고졸신입직원5명채용공고"
20170502,"금통위""보호무역·가계부채·자본유출3대변수조심해야"""
20170502,"삼성중공업,원유운반선4척수주…계약금3784억원"
20170502,"현대중공업인적분할3개사,오는10일주권재상장"
20170502,청년·취약층숨통…`新정책금융상품`봇물
20170502,`묻지마`高금리장사…저축銀무더기제재
20170502,보험사내년부터해외투자늘어날듯
20170502,"카카오,""모빌리티사업성장방법모색중"""
20170502,[표]외국환율고시표(5월2일)
20170502,대출금리멋대로적용한저축은행14곳무더기제재
20170502,"카카오,코스피이전상장안건오는6월주총에상정"
20170502,초대형IB3분기출범…부동산투자한도10%→30%로확대
20170502,은행순익6년만에최대
20170502,"한은금통위원“국내경제회복세생각보다낙관,가계부채체계적대응필요”"
20170502,금감원18년도고졸신입직원채용…서류마감19일
20170503,"뉴욕증시,기술주약세로소폭반락출발…다우지수0.2%↓"
20170503,연대보증완전히사라진다…대부업권도폐지추진
20170503,"문재인측""세월호인양지연의혹SBS보도유감…경위밝혀라"""
20170503,의정부젊음의거리상가에서화재발생
20170503,"서울대,점거농성학생들형사고발…수사는보류"
20170503,"바른정당탈당의원12명,대선까지`무소속`신세"
20170503,외국인보유주식시총역대최대
20170503,대선이후금융정책어디로…떨고있는은행권
20170503,"삼성중공업,크레인사고희생자장례·보상협의시작"
20170503,퇴직연금150조원육박…수익률은1%대로하락
20170503,신한은행로보어드바이저금융위검증통과
20170503,"하나금융""K뱅크보다빠른모바일대출"""
20170503,교통사고피해아동연10만명…5·8월집중
20170503,자본건전성'빨간불'켜진토종생보사들
20170503,[보험업판도바꾸는IFRS17]보험사'발등에불'…자본46조더쌓아야
20170503,[서경씨의#샤넬보다_재테크]올하반기신탁문활짝열린다던데...신탁은뭔가요?
20170503,"KB손보,미혼모가정지원"
20170503,[모바일한경]금통위내'매파'고개드나등
20170503,"은행,‘부동산금융’공들이는까닭은?"
20170503,하반기금리인상압박커져…채권투자피해야
20170503,완만한원화강세전망…달러분할매수기회
20170503,인터넷전문은행공부하고...저금리영업현장방문하고...日서바쁜은행장들
20170503,[알아봅시다]비과세해외주식투자전용계좌100%활용하기
20170503,초대형IB7월출범…한국판골드만삭스육성
20170503,부실운영에수익률`뚝`…외면받는어린이펀드
20170503,로봇이자산운용하는시대…RA서비스이달부터상용화
20170503,회계부정내부고발자에최대10억포상금지급
20170503,`대우조선부실관리`후폭풍에산은·수은행장위상곤두박질
20170503,"""AI가종목추천""모닝스타출시"
20170503,"""착한아이에겐금리더""기업銀이색상품승부수"
20170503,예금만못한퇴직연금수익률
20170503,[백브리핑]연대보증연내자취감출까
20170503,"이주열한국은행총재,일본ADB총회참석"
20170503,은행권‘가족愛경품’쏟아진다
20170503,은행이자만도못한퇴직연금수익률
20170503,"퇴직연금,도입11년만에150조적립…수익률은고작1.58%"
20170503,퇴직연금덩치커졌는데수익률은고작1%
20170503,기업銀도인터넷전문銀진출?
20170503,부동산시장꿈틀?주택담보대출두달째늘었다
20170504,"우리銀,부동산담보대출금리0.2%p인상"
20170504,"""이자,또낮추겠다고?""…속끓는대부업체·저축은행"
20170504,[서울경제TV]인터넷은행이용하다막막할땐고객센터로
20170504,[서울경제TV]대선후보금융정책들여다보니
20170504,[서울경제TV]가족사랑보험료에반영해주는할인특약관심
20170504,어린이날선물로주고싶은주식은?
20170504,금융사고위험상품권유꼼짝마
20170504,보험금늑장지급많은보험사는?
20170504,"JB금융,1분기당기순이익706억원…광주은행은428억원"
20170504,'70억명퇴금끄떡없다'好실적에웃는한화손보
20170504,"더케이손보,`The행복한스승의날`캠페인"
20170504,미래에셋생명'영토확장'…PCA생명인수확정
20170504,대출도`터치`가대세…모바일이영업점추월
20170504,"""자녀용돈맡겨주세요""…시중銀`어린이마케팅`치열"
20170504,"KB국민카드,자동차·가전렌털서비스"
20170504,`서울머니쇼`자녀와함께오세요
20170504,삼성생명·메리츠화재보험금늑장지급
20170504,[표]당좌거래정지(5월4일)
20170504,[표]외국환율고시표(5월4일)
20170504,보험금'늑장지급'비율1위는메리츠화재
20170504,"JB금융,1Q순이익706억…전년동기比27.9%↑"
20170504,코스피사상최고치돌파
20170504,"집근처은행은점점찾기힘들고…'디지털금융소외'노년층,갈곳이없다"
20170504,사라지는은행점포
20170504,대우조선지원신규자금5월말~6월초5000억투입
20170504,코스피2241.24‘사상최고’…경기·실적·수급3박자
20170504,"최경진가천대교수,유엔제4워킹그룹조사위원에선출"
20170504,'2241.24'…코스피새역사
20170504,JB금융그룹1분기순이익706억원…작년비28%증가
20170504,"보금자리론,1분기만에판매액6조원돌파…연간공급한도33%소진"
20170504,코스피최고치깬'감격의날'…금융株신고가랠리
20170504,"신한생명,재무건전성방어에총력기울인다"
20170504,"中,北비난에이례적직접대응…""공정한입장으로판단하고처리"""
20170504,"The-K손해보험,스승의날맞이캠페인진행"
20170504,"금감원""고객투자성향맞지않는상품판회사제재할것"""
20170504,"""바이코리아,굿바이박스피""...코스피날았다"
20170504,"한경금융NCS,은행채용시험으로위치굳힌다."
20170504,5월맞은은행`유스(Youth)마케팅`치열
20170504,예적금이어은행대출도모바일이오프라인넘었다
20170504,코스피2240대'6년만에최고치경신'
20170505,[보험업판도바꾸는IFRS17]중국자본등에업은동양·알리안츠공세
20170505,치료비에생활비지원까지…'효도보험'봇물
20170505,"아세안+3경제수장""통화정책만으로균형성장불가능"""
20170505,"[대한민국을흔든판결들]카드쓰고못갚으면'사기'…""민사상채무불이행으로봐야"""
20170505,증시사상최고치잔치…개미들에겐‘그림의떡’
20170505,[사설]은행들'구태'근무방식안바꾸고점포만줄이면그만인가
20170505,[스마트재테크+]어버이날선물은금융상품으로
20170505,이번주HOT!금융신상품
20170505,"""금융소비자보호원설립해야""민간금융위,차기정부에요청"
20170505,"P2P금융,법인투자유치`올인`"
20170505,어린이금융상품도디지털화바람
20170505,"""보험으로효도하세요""..어린이·효보험보상범위·가입대상넓어져"
20170505,"은행권,디지털금융영토확장잰걸음"
20170505,"마일리지특약가입자,사고율10%p낮아"
20170505,통장잔고1억원넘는‘금수저’미성년자이렇게많다니…
20170505,"유일호부총리,싱가포르재무장관면담…""자유무역촉진해야"""
20170505,"농협직원,인터넷도박위해고객돈1억원빼돌려"
20170505,"""어린자녀가걱정된다면어린이보험어때요"""
20170505,[증권사CEO증시전망]최희문메리츠종금증권사장
20170505,"작년은행권연봉킹씨티은행,디지털혁신에'웃프다'"
20170505,"초라한한국VC투자,중국의1/22수준"
20170505,"부산은행,5월신용카드이벤트실시"
20170505,[부고]임승희(KEB하나은행차장)씨모친상
20170505,"한중일공동선언문발표""모든보호무역주의배격"""
20170505,어린이를위한금융상품5가지
20170505,전자금융업자도자금세탁방지의무적용...연내법개정추진
20170505,"하나캐피탈,'상담품질관리시스템'도입…불만손님35%감소"
20170505,"'어린이날'맞이지방은행,할인이벤트뭐가있나"
20170505,"보험사,어린이날동심잡기"
20170505,300억이상주식보유‘황금수저’어린이7명
20170505,"""車사고언성높이지마세요""…과실비율따져주는앱써보니"
20170505,어린이날통장선물?…억소리나는미성년자계좌은행에만1612개
20170505,"커지는사이버보험시장…""정책적대비필요"""
20170505,"한·중·일재무장관·중앙은행총재""모든보호무역배격"""
20170505,[부고]임승희씨(KEB하나은행차장)모친상
20170505,디지털금융의그늘…디지털문맹노인만역차별
20170505,낙관적표현등장한FOMC…내달美금리인상가능성↑
20170505,[부동산펀드시대]③위험에도맹신…재매각실패잇따라(끝)
20170505,"[부동산펀드시대]②""나도건물주""…'공모'바람불다"
20170505,[부동산펀드시대]①'대체'투자딱지뗀해외부동산
20170506,[소프트M]기업은행'낙하산사외이사'오명…이번엔?
20170506,"유일호부총리,아시아개발은행연설"
20170506,"유일호부총리,아시아개발은행총회참석"
20170506,"이주열총재,""새정부출범,소비증가하고경기에긍정적"""
20170506,[부고]김영일씨(삼성생명스포츠단사무국장)부친상
20170506,"해외여행객,베트남ㆍ대만에서많이긁었다"
20170506,"""내명의계좌가11개?""…'어카운트인포'로단숨에정리"
20170506,요즘뜨는여행지는…베트남·대만에서카드사용증가율최고
20170506,"이주열""새정부출범…경제성장에긍정적영향"""
20170506,내아이를부자로만드는법…똑똑한금융교육
20170506,대선후보금융공약에비상걸린금융권
20170506,국내생보업계판도변화예고
20170506,[소프트M]1명뽑는데100명몰린P2P협회
20170506,가방ㆍ시계를넘어…가전도명품찾는시대
20170506,신탁에서실버보험까지…어버이날선물할효도금융상품은
20170506,"NH농협은행,'충정로역지점'개점"
20170506,"줄지않는어린이교통사고…""옐로우카펫·노란발자국설치늘려야"""
20170506,취업도재수삼수…2030세대무경험실업자IMF넘어섰다
20170506,존폐위기맞은전경련…‘정경유착근원지’에서싱크탱크강화로활로모색
20170506,"獨ㆍ日4차산업혁명,뭐가다를까…“정부일관성ㆍ中企참여활발”"
20170506,[머니S토리]은행권에부는'유연근무제'
20170506,[2017대한민국파워기업50]리스크관리기반역량확보
20170506,[금융초보탈출기]빚갚으라며하루에전화10번?불법입니다
20170506,"[대체투자잰걸음]은행권,부동산PE·SOC투자등수익성활로모색"
20170506,"""이젠가짜대출광고까지…""진화하는'보이스피싱'대처법은"
20170506,[대체투자잰걸음]안전자산투자한계…눈돌리는보험사들
20170506,[표]은행정기예금금리(4일기준)
20170506,[강금융씨의고민타파]해외여행비행기지연보상가능하다고?
20170506,"[코스피신고가,업종별분석]⑩의약품,작년말대비6.74%↑…대웅제약1위"
20170506,"[코스피신고가,업종별분석]⑨음식료품,작년말대비6.75%↑…CJ씨푸드1우1위"
20170506,"[코스피신고가,업종별분석]⑧유통업,작년말대비7.47%↑…호텔신라우1위"
20170506,"[코스피신고가,업종별분석]⑦운수창고업,작년말대비8.14%↑…대한해운1위"
20170506,"[코스피신고가,업종별분석]⑥통신업,작년말대비8.51%↑…LG유플러스1위"
20170506,"[코스피신고가,업종별분석]⑤건설업,작년말대비8.71%↑…삼부토건1위"
20170506,"[코스피신고가,업종별분석]④서비스업,작년말대비9.38%↑…크라운해태홀딩스1위"
20170507,“만63세이상입출금통장도비과세”
20170507,금융복합점포서깨진'방카25%룰'…규제우회현실로
20170507,은행대출DSR심사때복수기준도입검토
20170507,국내체류외국인보험시장블루오션
20170507,"금융복합점포,계열사보험상품‘밀어주기’"
20170507,신종보이스피싱속아OTP입력…법원“은행도일부배상책임”
20170507,"[몽펠르랭소사이어티]""극단주의·반시장문제…자유주의로풀수있을것"""
20170507,[주간금융상품돋보기]주간금융상품돋보기
20170507,[Money&Money]지금어려워도'희망의끈'꼭잡으세요
20170507,[알면돈되는'금융꿀팁']동남아여행땐국내서달러환전후현지서재환전하세요
20170507,'본점도팝니다'…은행몸집줄이기본격화
20170507,대우조선경영정상화관리委8일출범
20170507,외국인생보가입급증최근5년연평균16.2%↑
20170507,"車보험손해율,올해최저치찍을까"
20170507,금융복합점포'방카25%룰'안지켜…규제우회현실로
20170507,"""만63세이상비과세종합저축활용하세요"""
20170507,삼성화재베트남손보시장공략박차
20170507,"AI기반대출심사,개발업체에허용"
20170507,대출해주고보험팔고수십조씩굴리는데…금융당국감독에선쏙빠진공제조합
20170507,"하영구은행연합회장""새정부,규제완화나서야"""
20170507,"[보험업판도바꾸는IFRS17(5)·끝]""복잡한특약줄어상품단순해져…설계사줄고온라인보험활성화"""
20170507,"[코스피사상최고...대선이후돈어디로]""돈,바로꺼내쓸수있게임시파킹""골드뱅킹등수요급증"
20170507,부동산·예금'투자방망이'짧아졌다
20170507,금융사업무위탁쉬워진다
20170507,"삼성화재,베트남5위손해보험사지분20%인수"
20170507,"'방카25%룰'적용안받는금융복합점포…""계열사상품판매비중최대45%"""
20170507,[모바일한경]60세이상에게유용한은행거래팁등
20170507,"산은·수은,민간전문가8인'대우조선경영정상화委'출범"
20170507,"국민연금,스튜어드십코드참여추진"
20170507,[서울머니쇼]격동기돈벌기전략은?
20170507,"[국민연금,의결권행사강화]국민연금,대선후보에코드맞췄나…상장사350여곳'긴장'"
20170507,[단독]은행텃밭해외송금무한경쟁시작됐다
20170507,핀테크업체에AI기반대출심사맡길수있다
20170507,[스마트재테크+]고령자비과세종합저축가입하세요
20170507,‘순기능vs역기능’…개미들공공의적‘공매도’뭐길래
20170507,[주요펀드상품수익률동향]새정부기대감·수출호조에상승세
20170507,"봄바람맞은코스피…""대선찍고연내2350선까지간다"""
20170507,연봉줄고복지혜택사라지고…‘신의직장’이라던거래소가
20170507,"""베트남손보영업강화""…삼성화재현지손보사지분인수"
20170507,외국인생보가입21만명…연16%↑
20170508,"캠코,3900억규모선박20척인수"
20170508,"캠코,6개해운사선박20척인수…3천900억원규모"
20170508,[fn이사람]AI뱅킹'소리'개발정재욱우리은행스마트금융부부부장
20170508,"국민은행,가입금액5천만원넘는흥국·KDB생명상품판매제한"
20170508,[서울경제TV]카드론늘리더니카드사연체액1조육박
20170508,가계부채어디서부터풀까…전문가해법은
20170508,가계부채대출뜯어보니“60대·자영업자한숨”
20170508,“빚내서집사면망한다?”가계부채의오해와진실
20170508,인기보험20대‘저축’·30~40대‘운전자’
20170508,"[몽펠르랭소사이어티서울총회개막]클라우스""테러보다대량이민이유럽파괴""vs슈워츠""자유무역·이민막는건큰실수"""
20170508,"[몽펠르랭소사이어티서울총회개막]""복지국가되면모든게해결?…정치인들장밋빛약속믿지말아야"""
20170508,"신한은행,강원도산물피해주민대상금융지원"
20170508,"삼성카드,무이자할부등가정의달혜택풍성"
20170508,신한銀모바일앱이용고객경품이벤트
20170508,KEB하나銀연금수급자특화카드출시
20170508,주춤하던기술금융올들어상승세전환
20170508,장사잘한은행권채용시장'봄바람'
20170508,NH농협銀'NH로보-프로'금융위심사통과
20170508,"카드社,카드론급증하자연체율·연체액도'껑충'"
20170508,"금감원""신분증분실,온라인으로신고하세요"""
20170508,시중은행잇달아창구직원정규직공채
20170508,[몽펠르랭소사이어티서울총회개막]창립70년…사회주의로부터세계지켜낸'자유이념본진'
20170508,[몽펠르랭소사이어티서울총회개막]카네이션단석학들…'자유주의아버지'하이에크생일기념
20170508,"[몽펠르랭소사이어티서울총회개막]""사회적평등놓고싸우기보다개인의번영추구해야파이커져"""
20170508,"[몽펠르랭소사이어티서울총회개막]""한국,높은세율이성장막고있다"""
20170508,6대시중은행신입공채가뭄
20170508,"[올댓차이나]홍콩증시,마크롱당선으로사흘만에반등마감…H주0.63%↑"
20170508,"처음앤씨,최대주주'씨피어쏘시에이츠'로변경"
20170508,"안국약품,179억규모의약품공급계약해지"
20170508,"NH투자證,11일인도네시아·베트남채권투자설명회"
20170508,삼중고에카드사존립위기
20170508,[쪽지뉴스]우리은행창구직행원100여명신규채용
20170508,"AP시스템,1309억규모제조장비공급계약"
20170508,"테라젠이텍스,고진업·류병환·황태순각자대표이사로변경"
20170508,"KB증권,어버이날맞이`효드림카네이션`봉사"
20170508,사상최고치또경신한코스피
20170508,`코스피최대어`넷마블·ING생명이번주상장
20170508,2292.76…코스피`새역사`
20170508,"삼성생명,보험금소송`최고`…소송비만수십억`펑펑`"
20170508,깜깜이금융공약…차기정부금융정책안갯속
20170509,"[당선인에바란다]금융계""금융산업발전위해과감한규제개혁필요"""
20170509,온라인판매`활짝`…보험의꽃설계사3만명급감
20170509,대선후재테크풍향계…2017서울머니쇼D-1
20170509,"신한,IB·글로벌·디지털·옴니채널TF발족"
20170509,[파이낸스라운지]100세보장한다더니`나이제한`함정주의보
20170509,"농협은행,자매결연마을찾아봉사활동"
20170509,은행앱적금가입땐영화티켓이공짜(종합)
20170509,"사모펀드,저축은행인수못한다"
20170509,판매한달째新실손보험'신통찮네'
20170509,뮤지컬·병원·유흥업소까지…영역넓히는P2P대출
20170509,신한카드내달말까지최대9개월무이자할부
20170509,자본확충서두르는KDB·흥국생명
20170509,"나성대한국선박해양사장""하반기부터중소해운사유동성지원늘리겠다"""
20170509,점포통폐합이견못좁힌씨티은행노사
20170509,"새정부,코스피사상최고치역사함께쓴다"
20170509,작년PEF(사모투자펀드)109개신설…해산PEF도42개사`역대최대`
20170509,중기·벤처활성화공약에코스닥훈풍부나
20170509,시중은행들`로보어드바이저`발빠른대응
20170509,"NH농협자금부,자매결연마을서일손돕기활동"
20170509,개당220만원...해킹에도값널뛰는비트코인
20170509,올해국내기준금리1.25%동결전망…가계부채·미국금리부담
20170509,구조조정피하지않은'공직자임종룡'
20170509,"유진그룹,현대저축銀인수유력"
20170509,재무구조탄탄한ING생명생보사상장잔혹사끝낼까
20170509,"'가정의달'선물,금융상품이답이다!"
20170509,[웰스투어2017]고정관념벗고펀더멘털보다호가를봐라
20170509,[웰스투어2017]이제는중국관련주에주목할때
20170509,[재무설계]소득줄어드는데지출·빚늘어걱정?…'재무불안'점수따져보세요
20170509,[재무설계]연3.3%적금·연3%대출…'모바일뱅킹'의파격
20170509,사모펀드시장급성장…기업구조조정주도전망밝다
20170509,[은행PB들이뽑은세대별금융상품]'올해가막차'인비과세해외주식펀드…온가족재테크로'딱'
20170509,"[은행PB들이뽑은세대별금융상품]자녀증여,10년만기적립식상품활용을"
20170509,"은행,대선전후'청년실업해소팔걷어부쳤다'인력채용나서"
20170509,[은행PB들이뽑은세대별금융상품]해외여행객겨냥…최대90%환율우대
20170509,[세제혜택금융상품]비과세종합저축·연금저축…저금리시대세(稅)테크로'꼭'
20170509,"[세제혜택금융상품]""수익률낮으면수수료적게받아요"""
20170509,"[세제혜택금융상품]""펀드수익률·예금금리꼼꼼히따져보세요"""
20170509,[보험·카드'풍성한5월']아토피부터치매까지…우리집행복지켜주는'어린이·효도보험'
20170509,집권1년차코스피상승률24%…새정부선어떨까
20170509,"[보험·카드'풍성한5월']외식·스포츠경기관람·여행·쇼핑…신용카드,5월'통큰할인'대잔치"
20170510,새정부출범첫날코스피‘숨고르기’
20170510,‘한계’넘어선‘대기오염’에투자하라
20170510,‘이익100조시대’코스피이제시작이다
20170510,"아시아나항공,1분기연결영업익263억…전년比26.56%↓"
20170510,"이수화학,1분기연결영업익62억…전년比46.23%↓"
20170510,"락앤락,1분기연결영업익107억…전년比22.73%↓"
20170510,"두산중공업,1분기연결영업익2368억…전년比7.38%↑"
20170510,"현대홈쇼핑,1분기연결영업익423억…전년比10.8%↑"
20170510,"현대백화점,1분기연결영업익1385억…전년比35.3%↑"
20170510,집값이대출금밑돌아도집만넘기면되는디딤돌대출확대
20170510,우리銀새마을금고와외환업무상호협력
20170510,우리銀5억弗외화신종자본증권발행
20170510,대기업대출올들어1兆줄고중기는9兆늘었다
20170510,[금융라운지]국내첫인터넷생보사'교보라이프플래닛'이학상대표이사
20170510,주금공도'책임한정형디딤돌대출'판매
20170510,"은행권,IFRS9도입성큼..미래변수측정기준마련을"
20170510,"KB국민카드,아동·청소년방과후교육지원"
20170510,"Sh수협은행,스마트뱅킹서비스앱'수협파트너뱅크'출시"
20170510,당좌거래정지
20170510,"[올댓차이나]홍콩증시,사흘째상승2만5000대회복…H주0.97%↑"
20170510,[서울경제TV]문재인정부금융정책담당재정경제부신설할듯
20170510,"우리은행,새마을금고중앙회와외환업무발전업무협약체결"
20170510,"우리은행,외화신종자본증권발행성공"
20170510,"푸르덴셜생명,'듣고싶은잔소리'영상이벤트"
20170510,"유진기업,현대저축은행품었다"
20170510,"우리은행,5억달러조건부자본증권발행"
20170510,새금융위원장에민간출신유력
20170510,"수협은행,스마트뱅킹서비스앱출시"
20170510,재테크박람회서울머니쇼11일개막
20170510,"文,서민가계빚줄이고`1300조빚폭탄`잡는다"
20170510,"文,금융권인사태풍門여나"
20170510,새정부부동산·증시기상도?高手들이`콕콕`
20170510,"가맹점수수료·최고금리인하현실화…카드사""포퓰리즘정책""반발"
20170510,"NH농협생명,서비스개선`고객패널`발대식"
20170510,코스피200선물·옵션거래대금연중최고치기록
20170510,김기식·김상조`새정부합류`가능성…금융계`긴장`
20170510,가계부채총량제도입…`금융시장안정`역점
20170510,"비씨카드,`최대100%`캐시백이벤트진행"
20170510,거품빠지는정치테마주…4차산업혁명관련주급부상
20170510,집값하락때상환부담줄여주는디딤돌대출
20170511,"뉴욕증시,은행주·기술주약세로하락출발"
20170511,P2P금융누적대출액8690억원…부동산PF3353억원
20170511,"이주열한은총재,스카프매듭푼까닭은"
20170511,"문재인대통령시대,첫금융당국수장은누구?"
20170511,증시활황에…연기금·사모펀드수익'짭짤'
20170511,"코스피반등…또사상최고치,코스닥도연중최고치경신"
20170511,"신한은행,부서장배우자초청클래식콘서트"
20170511,"삼성생명,보장범위늘린‘통합올인원CI보험’출시"
20170511,ING생명보험(주)유가증권시장신규상장기념식
20170511,"KB손해보험,환아기살리기마술쇼"
20170511,"한국은행,스토리텔링공모전시상"
20170511,"화재보험협회,재물보험위험관리세미나개최"
20170511,"기보,정부연구기관기술사업화9천억지원"
20170511,"저축銀대출금리산정,은행방식적용"
20170511,주채무계열에성우하이텍편입..STX조선·현대·한솔·태영제외
20170511,"진웅섭""은행,담보의존여신관행개선해야"""
20170511,"KB손보,소아병동환아응원행사"
20170511,"라이나전성기재단,시민참여공연프로젝트12일첫공연"
20170511,"교보생명,'2017대학생동북아대장정'참가자모집"
20170511,"'손실액축소'STX건설,10개월증권발행정지"
20170511,"착한실손보험,사실상실패했나"
20170511,"DGB금융,1분기당기순익909억…전년대비10.1%↓"
20170511,주채무계열36곳선정…하반기구조조정속도
20170511,"SC제일은행,마블체크카드·통장출시"
20170511,"보험개발원,환경책임보험담당자교육진행"
20170511,"기보,연구기관기술사업화에9000억지원"
20170511,"ING생명,상장첫날공모가하회"
20170511,넷마블상장에규제완화까지훈풍에기대감커지는게임주
20170511,"유안타증권,온라인바둑대회후원…이세돌·이창호`특별대국`도가져"
20170511,우리은행`더간편뱅킹서비스`실시
20170511,손보업계소송비매년급증…3년간197억썼다
20170511,"[마켓인][오늘의M&A공시]CJE&M""스튜디오드래곤매각계획없어"""
20170511,[포토]서울머니쇼개막…국민부자만드는`돼지저금통`
20170511,"""올해美금리올려도달러약세…유로화는강세보일것"""
20170511,"고종완한국자산관리연구원장""文정부도심재생에초점…이젠강남보다강북이굿"""
20170511,공유도함께한서울머니쇼…100여개부스`북적`
20170511,"""이젠중소형알짜株관심을""""혁신기업은비싸도사둬라"""
20170511,"`김밥파는CEO`김승호회장""돈벌려고창업?…구멍가게도비전이있어야"""
20170511,"임종룡금융위원장""머니쇼,국민재산불려주는나침반"""
20170511,출자전환마지막퍼즐푼대우조선
20170512,"IBK기업은행,2000억원통상임금항소심서승소"
20170512,"유진그룹,현대저축은행새주인됐다"
20170512,"임종룡금융위원장,마지막까지대우조선찾아자구노력당부"
20170512,한화생명‘2017연도대상’
20170512,삼성생명영업익43%증가
20170512,“코스피정말3000가나요?”라고묻는당신께
20170512,한국은행외자운용원장에서봉국내정
20170512,마지막까지대우조선찾은임종룡
20170512,"흥국생명,지점140개→80개로…KDB생명,인력구조조정착수"
20170512,마지막까지거제대우조선찾아간임종룡…'자구노력당부'
20170512,"롯데쇼핑,1Q영업이익2074억,전년수준…사드악재에도선방"
20170512,[s머니]'Young머니'저희가책임집니다
20170512,"기업銀노조,2000억대통상임금항소심패소…1심뒤집혀"
20170512,"현대해상""마음친구찾고`마음봇`캐릭터피규어받으세요"""
20170512,"코다코,60억규모사모전환사채발행결정"
20170512,"하영구은행연합회장,아시아금융협력협회부회장선임"
20170512,"뉴프라이드,233억규모유상증자결정"
20170512,"현대해상,'마음친구찾기'캠페인진행"
20170512,"인터파크홀딩스,1분기영업익164억…전년比51.2%↑"
20170512,"현대해상,'마음친구찾기'캠페인시행"
20170512,"미래에셋생명,해외보험사지분투자위한최종입찰서제출키로"
20170512,"기업銀,수출중소기업대상전자상거래교육실시"
20170512,[종합]CJ프레시웨이1분기영업이익44억…전년比38.5%↑
20170512,"엔케이,401억규모유상증자결정"
20170512,현대저축銀우선협상대상자유진그룹컨소시엄선정
20170512,"삼성생명,1분기당기순익5663억원기록…전년대비53.4%↓"
20170512,"케이티스,1분기영업익35억…전년比28.5%↓"
20170512,"더좁아진채용문,은행권신입공채'찬바람'"
20170512,[표]당좌거래정지(5월12일)
20170512,"임종룡,대우조선찾아`마지막당부`"
20170512,"1분기내수경기,제주·인천‘호조’울산·전남‘부진’"
20170512,"삼성생명,올1·4분기당기순이익5663억원"
20170512,"롯데쇼핑,1Q영업익2074억원…전년比0.4%↓"
20170512,[서울경제TV]보험업계말로만첨단차보험료할인
20170512,"현대캐피탈렌터카5월특가이벤트진행""월납입료업계최저수준"""
20170512,한화생명연도大賞여왕상에정미경팀장
20170512,흥국생명지점140→80개로통폐합
20170512,"수협은행장선임,공모부터다시시작하나"
20170512,"하영구은행연합회장,亞금융협력협회부회장·이사회이사로선임"
20170513,[종합]로또754회1등5명…1인당34억2754만원
20170513,"로또754회1등'2,8,17,24,29,31'…보너스'32'"
20170513,정기적금4년만에최소…팍팍해진생활원인
20170513,은행정기적금4년만에최소…잔액1년새4.1%↓
20170513,銀정기적금잔액4년만에최소‥1년전比4.1%↓
20170513,정기적금잔액34조···4년만최소
20170513,'서민층힘들고이자도적고'…정기적금4년만에최소
20170513,"넥스트월드,100억규모한국영화펀드참여"
20170513,개인신용등급안전하게관리하는7가지꿀팁
20170513,대출추가로받으면신용등급떨어질까
20170513,몸집키우던P2P금융…가이드라인에성장세주춤할까
20170513,"[마켓인][M&Ain&out]경남기업·삼부토건,18일예비입찰"
20170513,[최인용세무사의절세가이드]주택상속과절세방법
20170513,[오마이머니]‘경로우대’지하철말고은행서도받아볼까
20170513,'청탁·알선'미끼로2억원받은금감원부국장징역5년
20170513,[머니포커S]'규제문턱'에걸린카드사신사업
20170513,가구당월보험료9만원육박…꼭챙겨야할할인은?
20170513,[표]은행정기예금금리(12일기준)
20170513,[강금융씨의고민타파]약관대출알고받으면좋다고?
20170513,[머니S토리]골칫덩이가된이색보험들
20170513,"[이기자의친절한금융]'두뇌가동'로보어드바이저,수익안겨줄까"
20170513,[보험재테크톡!Talk!]새정부가들어서면내암·실비보험료도영향을받을까?
20170513,"[핀테크를만나다]⑦'고객접점넓히자'…P2P금융,상품군다양화활발"
20170513,[금융브리프]문재인시대‘KKK학맥’금융권파워인맥형성하나
20170513,[금융권말말말]진웅섭“금융권보수적여신관행개선해야”
20170514,염증성장질환인식개선캠페인
20170514,수익률대형주날때소형주기었다
20170514,"신한은행,농촌일손돕기봉사활동실시"
20170514,[크라우드펀딩다이어리]크라우드펀딩다이어리
20170514,"[특별기고]박덕규KB인베스트먼트팀장""P2P대출채권의ISA투자자산편입허용해야"""
20170514,"[Money&Money]자동차,저렴하게타자!"
20170514,[알면돈되는'금융꿀팁']주식거래수수료낮추려면?온라인·협의수수료활용을
20170514,"캠코,'희망울림프로그램'활동본격화"
20170514,정부2금융권가계부채대책실효성의문
20170514,주담대증가세지속…전세대출은'주춤'
20170514,새정부'서민신용회복'시동행복기금1조9천억소각추진
20170514,씨티銀노사합의난항…16일쟁의돌입예고
20170514,"""인터넷전문은행활성화가우선""올금융당국종합검사면제한다"
20170514,"[제18회서울국제금융포럼강연자인터뷰]""보험,AI·빅데이터와결합…질병예방하는형태로진화"""
20170514,대기업금융계열사통합감독시스템도입
20170514,"신흥국PF사업,선진국보다고수익…낮은국가신용등급은걸림돌"
20170514,"[주간브리핑]한은,가계대출내역15일발표"
20170514,"우리은행,우리미술대회본선대회개최"
20170514,[한경에세이]미래에필요한인재
20170514,KB금융그룹'다문화어린이사랑캠프'
20170514,"KB국민은행""전화한통화로간편하게환전하세요"""
20170514,`액티브ETF`6월말상장
20170514,"광주,순익50%급증…대구,생산성1위"
20170514,"현대캐피탈,자동차이용프로그램특별프로모션"
20170514,생보업계`IFRS17`앞두고`영업점통폐합`분주
20170514,[주요펀드상품수익률동향]새정부기대감…코스피사상최고치
20170514,"넷마블,게임`대장주`등극…글로벌지수편입`날개`달까"
20170514,"정찬우거래소이사장,중도하차하나"
20170514,부산은행-부산시상인연합회`전통시장활성화`맞손
20170514,국내선아이폰으로교통카드기능못쓴다
20170514,"‘맞수’삼성전자-애플,주가도최고치경쟁"
20170514,[백브리핑]은행권'무늬만정규직'없애나
20170514,1000여명참여한우리미술대회
20170514,사회적기업과동행하는하나은행
20170514,"재무건전성빨간불흥국생명,계열사흥국화재지분정리"
20170514,"""규제벽높지만잠재력크다""동남아로눈돌리는보험사"
20170514,"커넥티드카결제시장,지름길택한정태영"
20170514,"수주잔량13척남은성동조선···채권단,원가이하수주허용"
20170514,"""국가비상금외환보유액,글로벌흐름놓치지않고운용"""
20170515,씨티은행노사합의결렬..16일쟁의돌입
20170515,씨티은행노사합의결렬...16일쟁의돌입
20170515,동부화재저소득층에'약속상자'전달
20170515,"'지점축소'씨티은행노사합의결렬,16일부터태업"
20170515,"씨티은행노사합의결렬…노조,쟁의행위나선다"
20170515,"씨티은행노조,지점통폐합반발내일부터쟁의돌입"
20170515,가계부실채권소각100일로드맵포함되나
20170515,"우리銀,신보와유망창업기업지원"
20170515,삼성·동부화재특약할인율잇따라확대
20170515,'친환경금융'다시뜬다…새정부정책에모멘텀얻어
20170515,가계대출규제에도주담대증가지속
20170515,"캠코,3863억선박펀드조성…6개해운사선박20척인수"
20170515,"""금융거래,손바닥인증으로편리하게"""
20170515,"한국투자증권,1분기순이익1301억…""업계최고수준"""
20170515,"미래에셋대우,1분기영업이익1434억…전년비196.8%↑"
20170515,"씨티은행,1분기당기순익684억원기록…전년대비87.4%증가"
20170515,"금감원,`블록딜전공매도`SK증권직원제재"
20170515,"[제18회서울국제금융포럼강연자인터뷰]""규제안에서어떻게혁신하느냐…이것이핀테크의숙제"""
20170515,"오리온,1분기영업익358억…사드보복에'반토막'"
20170515,"SC제일은행,1분기당기순익1014억원기록…전년대비248%급증"
20170515,카드사1분기수익개선…일회성수익이대부분
20170515,"SC제일은행,1분기순익1,014억원…전년보다248%↑"
20170515,1분기카드사순익3천억늘어…일회성이익빼면줄어(종합)
20170515,"4월코픽스,역대최저수준으로하락…1.59%"
20170515,씨티은행지점통폐합합의실패
20170515,모든내계좌로그인한번으로조회
20170515,"삼양홀딩스,1Q영업익180억…전년比53.3%↓"
20170515,카카오뱅크온다...시중은행사실상24시간영업체제돌입
20170515,증시활황에6대증권사1분기영업익전년比5배증가
20170515,"우리은행,신보와유망창업기업지원업무협약체결"
20170515,"신한銀,기술보증기금과금융지원업무협약"
20170515,"이경섭농협은행장,상반기공채신입행원찾아공감간담회"
20170515,"씨티·SC제일銀,올1분기각각684억원,1,014억원당기순이익달성"
20170515,KEB하나은행도건전성지표낮은보험사고액보험판매제한
20170515,"금융보안원,""금융권램섬웨어사고발생0건…변종발생주시"""
20170515,"SC제일은행,올해1분기순익1014억…전년比248%증가"
20170515,"미래에셋생명,1분기영업손실28억…적자전환"
20170515,[백브리핑]고향바꾸는금융공기업간부왜
20170515,"캠코,6개해운사선박펀드지원"
20170515,全금융사계좌내년부터한번에조회
20170516,"씨티銀,무기계약직300명정규직전환"
20170516,씨티銀무기계약직300명정규직으로
20170516,"시럽카드제휴중단선언에…농협카드,SK플래닛상대로가처분신청"
20170516,"씨티은행,계약직300명연내정규직전환"
20170516,"농협카드화제작'시럽카드',SK플래닛과소송전"
20170516,박진회한국씨티은행장“올해무기계약직전원정규직으로전환”
20170516,"금융권,성과제서직무급제로급선회"
20170516,인건비부담큰보험업계정규직전환추세에긴장
20170516,"""1년이상장기예금에세제혜택검토해야"""
20170516,4월말외화예금674억弗…넉달만에첫감소
20170516,"SC제일銀""생체인증으로모바일금융거래"""
20170516,"기업·한국씨티銀,무기계약직정규직화...새정부방침에호응"
20170516,[마켓인사이트]글로벌IB'아리랑본드'첫발행…한국경제성장·원화안정성에'베팅'
20170516,"씨티은행,연내무기계약직300명정규직전환"
20170516,"박진회한국씨티은행장""영업점숫자가점유율결정하는전통에서벗어나야"""
20170516,"""시럽카드서비스계속하자""NH농협카드SK플래닛에소송"
20170516,“SB톡톡많이이용해주세요”
20170516,"신한생명,사망보험금·수술비보장늘린보험출시"
20170516,'법인전담PB'힘실어주는신한은행
20170516,"반쪽짜리규제완화에뿔난핀테크업체들""해외송금때마다실명확인?"""
20170516,"한국씨티은행,비정규직300명정규직일괄전환"
20170516,"SK플래닛""NH올원시럽카드제휴더는못하겠다""…200만원쓰면10만원준다더니서비스돌연중단"
20170516,"한국씨티은행“무기계약직직원300여명,연내정규직전환할것”"
20170516,"[서울경제TV][투데이포커스]삼성생명,삼성전자주식팔아야하나"
20170516,씨티·기업은행'무기계약직→정규직'전환추진
20170516,"BC카드,AI활용한상권분석서비스출시"
20170516,"Sh수협은행,‘Sh스마트ONE적금’출시…최고연3.1%금리"
20170516,"산업은행,삼성농아원과사랑나누기바자회개최"
20170516,"Sh수협은행,스마트뱅킹앱전용상품'Sh스마트ONE적금'출시"
20170516,"BNK경남은행,'참진주사랑통장'출시"
20170516,[짱기자가간다]'내몸이결제수단'…세븐일레븐시그니처문열어
20170516,씨티은행장“올해안에무기계약직전원정규직전환할것”
20170516,AI기술결합한보험나온다
20170516,"산은,바자회수익금1000만원청각장애아복지사업에후원"
20170516,"차헬스케어,864억원규모유상증자결정"
20170516,"수협은행,최고연3.1%금리적금상품출시"
20170516,"씨티은행,무기계약직전원정규직전환"
20170516,"경남銀참진주사랑통장,진주시전입자금리우대"
20170516,증권사1분기실적`고공행진`
20170516,"대신증권,로보어드바이저테스트베드통과"
20170517,[종합2보]'시럽카드'제휴혜택갈등에45만가입자피해불가피
20170517,'자살보험금지급논란'생명보험사들최종제재수위결정
20170517,"세람저축은행,여성전용정기적금상품출시"
20170517,"신보,한양대와창업지원협약체결"
20170517,"중기경영자협회,농협경제지주와업무협약"
20170517,"기업은행,실내놀이시설설치사업에1억5천만원후원"
20170517,"베트남스탠다드차타드은행,베트남롯데마트와협업"
20170517,[종합]SK플래닛-농협카드'시럽카드'제휴끝내합의못해
20170517,"'자살보험금미지급'교보생명,1개월일부영업정지"
20170517,"세람저축은행,금리연3.0%인여성전용적금판매"
20170517,"신한은행,해외송금서비스라인업확대"
20170517,"핀테크스타트업한국NFC,일본서30억원투자유치성공"
20170517,[서울경제TV]금융사과태료3배인상···솜방망이처벌없앤다
20170517,보험사들재무건전성확보비상
20170517,"SK플래닛,시럽카드고객쿠폰지급중단…45만명피해불가피"
20170517,"금감원,KB증권직원일임매매위반으로제재조치"
20170517,"저축은행,사회공헌활동으로이미지변신한다"
20170517,"기업은행,아동놀이시설설치지원"
20170517,"삼성카드,갤럭시S8증정'다이렉트보험'이벤트"
20170517,"[마켓인][오늘의M&A공시]가스公,네덜란드자회사주식1억8843만주처분"
20170517,"[올댓차이나]홍콩증시,차익실현매물에속락마감…H주0.48%↓"
20170517,"신용보증기금,한양대와창업지원협약체결"
20170517,음성으로계좌거래…AI가금융을바꾼다
20170517,"무디스""국내은행신용등급부정적"""
20170517,금호타이어매각협상올스톱
20170517,"금투협,복지시설학생들과문화나눔활동"
20170517,"삼성바이오,코스피200편입…최대수혜주급부상"
20170517,"케이뱅크,45일만에대출금3100억원돌파"
20170517,"코리아에셋투자증권-로보글로벌,파트너십체결"
20170517,"""KB손보완전자회사추진""…KB금융,2분기호실적기대"
20170517,"""보지못한꿈,들려드릴게요""…목소리기부1만명몰려"
20170517,"IBK기업은행,실내놀이시설지원..후원금1억5000만원전달"
20170517,금융사과징금·과태료10월부터최대3배인상
20170517,"100조돌파한'기술금융'...유지냐,폐기냐"
20170517,[백브리핑]120년조흥역사품은신한
20170517,금융사부과과태료상향..법인1억·개인2천만원으로
20170517,이헌재전부총리주도1조규모'임팩트금융'나온다
20170517,교보생명1개월영업일부정지...자살보험금미지급징계일단락
20170517,"""증권·보험사의P2P투자막는건시대착오적"""
20170517,"45만'시럽카드'가입자,모바일쿠폰못받는다"
20170518,"계좌통합관리서비스5개월,'잠든307억원'깨웠다"
20170518,1분기해외서카드로결제한금액‘40억달러’…사상최대경신
20170518,7년신한사태마무리…신상훈전사장스톡옵션지급
20170518,[서울경제TV]잠재고객에도어필하는현대카드고객라운지
20170518,"스마트저축은행,여수여신출장전문소문열어"
20170518,"신한""신상훈스톡옵션지급""결정은했지만..."
20170518,"[미리보는서울포럼2017]""文정부,클라우드데이터규제풀어3년내비중50%까지끌어올려야"""
20170518,"한동우前신한지주회장,고액고문료논란에'임기2년·月2000만원'으로"
20170518,"신한銀,KMAC주관조사서14년연속우수콜센터선정"
20170518,"P2P금융렌딧,'데일리자동투자서비스'오픈"
20170518,"신한銀,중진공과청년취업및일자리지원을위한업무협약"
20170518,"기업銀,기업고객을위한비대면전용‘올포비즈’예금출시"
20170518,이제외국인보다기관투자자주시할때
20170518,"신한금융,한동우전회장고문료月2000만원·임기2년확정"
20170518,[백브리핑]정책'귀동냥'나선CRO들
20170518,금융권'친박정피아'좌불안석
20170518,[파이낸셜포커스]미래전략없이몸집불리다...막다른코너몰린보험업계
20170518,"알리안츠생명,업계최초'비대면본인인증서비스'도입"
20170518,"The-K손해보험,'스승의날'맞이교사응원캠페인진행"
20170518,"[fn이사람]이찬구신한은행신탁운용부장""목표수익률미달땐수수료안받아"""
20170518,"신한금융,신상훈前사장에스톡옵션주기로"
20170518,트럼프리스크에금융시장요동…美금리6월인상확률뚝
20170518,"[마켓인][오늘의M&A공시]엘앤케이바이오,100억규모전환사채발행"
20170518,"IFRS17기준확정…금융위""보험산업패러다임바꿀계기될것"""
20170518,"[올댓차이나]홍콩증시,미국정세불안에3일째속락마감…H주1.08%↓"
20170518,우리은행콜옵션으로수백억'대박'..이달부터속속행사
20170518,`청년취업지원`팔걷은신한은행
20170518,돈몰리는증시‘폭탄성문자메시지’…신종작전세력의혹
20170518,신상훈전사장스톡옵션지급결정…신한사태7년만에일단락
20170518,그룹리스크금융사전이방지`복합금융규제`도입논의급물살
20170518,"신용보증기금""창업기업도와4차산업혁명이끌것"""
20170518,새회계기준IFRS17확정…보험사매출70%줄어든다
20170518,"신한금융,신상훈전사장·이백순전행장에스톡옵션결정…7년끌어온'신한사태'매듭짓는다"
20170518,이번엔조직쪼개지나…금감원'부글부글'
20170518,"KB금융""해외점포현지직원전문가로양성"""
20170518,[마켓인]삼부토건·경남기업예비입찰각각7곳·4곳참여...흥행청신호
20170518,"알리안츠생명,'실적배당연금전환특약'6개월배타적사용권획득"
20170518,"우리카드,서울종로구저소득층에쌀350kg등전달"
20170518,"신한銀,중진공과청년취업및중소기업일자리지원에맞손"
20170518,넷마블주가시름시름…매도폭탄외국인실체는?
20170519,침체터널빠져나오던브라질경제정국혼란으로'급제동'
20170519,"공정위,김상조공정위원장후보자청문요청안국회제출"
20170519,대우조선관리위원장에김유식전STX팬오션부회장
20170519,"[올댓차이나]홍콩증시,신규재료부족에보합혼조마감…H주0.04%↓"
20170519,"SMC&C,이훈희·김동준공동대표이사로변경"
20170519,"예금보험공사,충주학생과교사들'예보생활금융교육'"
20170519,안전하게높은수익률기대…P2P50만원미만소액투자인기
20170519,"GS홈쇼핑,322억규모신물류센터시설투자"
20170519,"에치디프로,최대주주'코디'로변경"
20170519,"윤경은KB증권사장""전산통합성공…진정한하나됐다"""
20170519,대우조선경영관리위원장에김유식전STX팬오션부회장(종합)
20170519,[웰스투어2017]“주택조합통해귀농귀촌비용절감”(종합)
20170519,대우조선초대관리위원장에김유식전STX팬오션부회장
20170519,"[웰스투어2017]""주택조합장점활용해귀농귀촌비용줄여라"""
20170519,"스페로글로벌,30억규모전환사채발행결정"
20170519,"유앤아이,1분기영업익8482만원…전년比56.4%↓"
20170519,대우조선민간관리위원회첫만남…초대위원장에김유식씨
20170519,"""금리,상승기조뚜렷한데…""딜레마빠진한은"
20170519,"[문재인시대,문제는정치다<7·끝>]'시장의역습'외면한채...금리낮을수록좋다는정치권"
20170519,현대해상‘타워730’준공식개최
20170519,"[S머니]하루거래대금1,000억···몸값오르는비트코인"
20170519,삼성전자이어생명·화재도임원인사
20170519,대우조선경영정상화관리위원회첫상견례…김유식위원장선출
20170519,"KEB하나銀,연금수급자대출상품출시"
20170519,"은행권청년창업재단,홍콩서핀테크기업진출지원"
20170519,삼성생명·화재'성과중심'임원인사
20170519,"KB국민銀,전화로예금재예치서비스"
20170519,현대해상'타워730'준공식개최
20170519,"현대미포조선,4월매출2209억…전년比21.9%↓"
20170519,삼성금융계열사도개별인사…화재·생명임원승진
20170519,대우조선해양경영정상화위원회첫상견례
20170519,"현대중공업,4월매출8480억…전년比40.3%↓"
20170519,전세금필요한신혼부부'버팀목대출'가장유리
20170519,"신한카드,다음달까지해외숙박할인·적립이벤트"
20170519,"한동우전신한금융회장고문료반토막,왜?"
20170519,"""시럽카드서비스유지해야"""
20170519,"[웰스투어2017]""귀농귀촌지원책적극활용"""
20170519,대우조선경영정상화관리위원회첫상견례열려
20170519,"현대해상,잠실에새오피스빌딩"
20170520,상장회사72%수도권에집중...시가총액은86%몰려
20170520,맞벌이부부'금융꿀팁'
20170520,"P2P금융1조시대…연체율도덩달아↑,'옥석가리기'필요"
20170520,생명보험사망통계서10대사망사고1위가'익사'인이유는
20170520,'FATF국제기준'이해돕는해설서출간
20170520,"[오마이머니]""푼돈모으기편리해졌네”은행저금서비스이용해볼까"
20170520,"희귀동전,500원짜리말고또있다?"
20170520,"[금융권말말말]박진회한국씨티은행장“무기계약직300여명정규직으로전환"""
20170520,[금융브리프]내년이면‘파인’에서모든계좌한번에조회
20170520,[보험재테크톡!Talk!]생명보험사종신·정기보험가입시자살보험금나온다
20170520,"[핀테크를만나다]⑧“잘가요,친구들”"
20170520,"[마켓인][M&Ain&out]법정관리건설사,이번엔매각'청신호'"
20170520,"IBK경제硏""국내중소기업,4차산업혁명대응수준미흡"""
20170520,[오마이머니]1년짜리정기예금지고1개월초단타예금뜬다
20170520,[최인용세무사의절세가이드]1세대1주택비과세가안되는안타까운사례
20170520,시중금리상승이두려운저축은행왜
20170520,"[이기자의친절한금융]몸값뛴비트코인,지금투자해도될까"
20170520,[표]은행정기예금금리(19일기준)
20170520,[강금융씨의고민타파]맞벌이부부보험료할인받을수있다고?
20170521,"신한은행,中우수고객초청자산관리세미나실시"
20170521,"IBK기업은행,본점영업부'은행+증권'복합점포새단장"
20170521,"IBK기업은행,본점영업부에은행ㆍ증권복합점포오픈"
20170521,진화하는‘로보어드바이저’…투자자문도AI시대
20170521,"[증권단신]신한금융투자,신성장투자‘맥쿼리뉴그로쓰펀드’출시외"
20170521,[마이머니]목돈드는치과치료…치아보험‘선택아닌필수’
20170521,만능통장18세이상누구나가입가능
20170521,올해저축은행가계대출1조증가전망…수익성우려
20170521,"신한금융사외이사'겸직논란'…금감원,유권해석요청"
20170521,"P2P금융1조시대…연체율도덩달아↑,'옥석가리기'필요(종합)"
20170521,대구경제논의하는은행장들
20170521,"기업은행,을지로본점에은행·증권복합점포"
20170521,진단만으로보험금주는상품뜬다
20170521,판치는나이롱환자…작년보험사기역대최대
20170521,"[종합]신한은행,기간제사무직정규직전환키로"
20170521,[사고]‘2017서경참보험인대상’찾습니다
20170521,"[Money&Money]금융,여심을읽는다"
20170521,[알면된되는'금융꿀팁']레버리지-인버스ETF는장기투자엔부적합
20170521,"산업은행,개인신용대출전면중단"
20170521,"신한은행,사무인력일부정규직전환키로"
20170521,"국민銀,구글·페이스북투자하는‘4차산업관련손실제한형ELS’출시"
20170521,정부의카드가맹점수수료추가인하에카드사부글부글
20170521,P2P대출개인투자한도제한에법인설립꾀하는고액투자자
20170521,삼성화재해상보험수입료38%급감...해운불황에직격탄맞은손보사
20170521,간사직선출놓고고민빠진지방銀협의회
20170521,"산은,6년만에개인신용대출중단…사라지는민영화흔적"
20170521,"'국민통장'ISA가입대상,전국민확대추진"
20170521,"신한은행,연내비정규직일부정규직전환키로"
20170521,금융기관앞다퉈비정규직줄인다
20170521,금융공공기관장대대적물갈이예고
20170521,보험사기적발금사상최고…지난해7185억원기록
20170521,P2P대출1조넘어섰지만중소업체들은줄폐업위기
20170521,[표]외국환율고시표(5월19일)
20170521,"은행연합회,대구서지역기업금융애로청취"
20170521,"신한은행,중국상해서`자산관리세미나`열어"
20170521,"KB국민은행,구글·페북·인텔투자상품ELS판매"
20170521,"카드사,해외이용수수료인상에`전전긍긍`"
20170521,금융소비자보호독립기구설립`속도`
20170521,"KEB하나은행-코오롱오토플랫폼,자동차플랫폼비즈니스`맞손`"
20170522,"신한금융,글로벌매트릭스7월출범"
20170522,"농협銀챗링크,신용보증기금'퍼스트펭귄'선정"
20170522,인터넷은행진입장벽‘은산분리’완화냐유지냐
20170522,[서울경제TV]인터넷·스마트폰뱅킹어려우면말로하세요
20170522,자영업자매출급증땐금리인하요구가능
20170522,수협銀일시대표체제로..권재철수석부행장이수행
20170522,신한베트남銀全영업점'디지털브랜치'도입
20170522,"은행권적격대출한도,이번달엔중순도안돼바닥"
20170522,부동산매물검색부터대출까지'앱'으로한번에
20170522,"당국,부채탕감사전·사후예방조치마련키로"
20170522,"코리아나,최대주주'유민수외12인'으로변경"
20170522,2304.03…새지평연코스피
20170522,"거래소,THEE&M에주가급등관련조회공시요구"
20170522,"디에이테크놀로지,56억규모유상증자결정"
20170522,"크레아플래닛,2.7억규모자사주처분결정"
20170522,"기업은행,글로벌자원봉사단발대식개최"
20170522,"넥스턴,152억규모'IT기기장비'공급계약"
20170522,"[올댓차이나]홍콩증시,구미증시상승에1년10개월만최고치마감"
20170522,"새마을금고중앙회,지역본부별봉사활동실시"
20170522,"한전KPS,""479억규모청구사건의1심판결에항소"""
20170522,"금감원,대출조건으로금융상품강요'꺾기'관행현장점검"
20170522,"동부건설,935억규모아파트건설공사수주"
20170522,"KB국민은행,모바일뱅킹앱실사용자`최다`"
20170522,대규모점포통폐합…구조조정…갈등의골깊어진시중은행노사
20170522,"카카오뱅크,은행연합회정사원가입"
20170522,한국모바일금융앱사용80억건…2위호주의4배
20170522,"주금공,'찾아가는주택금융강좌'개최"
20170522,코스피훈풍에'북치며축하'
20170522,"태평양물산,50억규모교환사채발행결정"
20170522,부동산매물검색과대출신청을한곳에서...‘KB부동산’플랫폼출시
20170522,[백브리핑]수협은행·서울보증행정공백왜길어지나
20170522,"정부""금융수수료·가산금리·연체금리함부로못올린다"""
20170522,[파이낸셜포커스]금융을'정권쌈짓돈'으로...포퓰리즘정책참담한결말
20170522,청년희망펀드90%가은행예금으로방치
20170522,계좌해지·태업…씨티은행'지점통폐합추진'후폭풍
20170522,"다우기술,키움증권과302억규모공급계약"
20170522,"기보,인천지역창업기업대상현장간담회실시"
20170522,은행수수료자율화사라지나
20170522,"캠코·LH,부동산개발MOU"
20170522,"현대캐피탈,업계첫대포차등록말소"
20170523,"금감원,씨티은행체크카드해외부정사용현장조사"
20170523,"썬코어""법원부동산가압류결정…적극대응"""
20170523,"컴투스,자기주식5097주처분결정"
20170523,"삼성화재,""'맘쏙케어22예비맘클래스'성료"""
20170523,은행대출금리인하요구모바일로도가능해진다
20170523,"KDB산업은행,도서지역어린이서울초청"
20170523,"농협,도농상생스킨십한마당"
20170523,17년만에…자동차보험첫흑자
20170523,"""K리그에힘보탭니다""…KEB하나은행'팬사랑적금'"
20170523,"수출입은행,유로화채권발행"
20170523,"""민간자금투입해사회문제해결하겠다"""
20170523,문재인정부'금융홀대론'나오는까닭
20170523,"[포토]KEB하나은행,‘K리그팬사랑적금’출시"
20170523,"국민은행,서울신용보증재단과동반성장업무협약"
20170523,은행통장앞표지에원금보장여부표시한다
20170523,전(錢)하고싶은'행복한금융'29초영상에담으세요!
20170523,[서울경제TV][투데이포커스]비과세해외펀드가입올해가막차
20170523,[서울경제TV]새정부‘비정규직제로’에은행권도동참
20170523,"금감원,씨티체크카드해외부정사용현장조사"
20170523,"'1조원'옛외환銀본점,코람코등7~8곳입찰..흥행성공"
20170523,6월1일‘2017BOK국제컨퍼런스’개최
20170523,"팍스넷,케이엠에이치주식28억원어치취득"
20170523,통장만봐도금융상품알수있다…원금손실여부따라디자인차등화
20170523,[포토]금융교육간담회참석한진웅섭
20170523,"[마켓인][오늘의M&A공시]파티게임즈,비엔엠홀딩스주식61만주취득"
20170523,"거래소,보루네오가구상장폐지관련이의신청서접수"
20170523,“갚을만큼만빌려준다”DSR조기도입등대출압박나선다
20170523,6개월새주가27%급등…우리은행임직원‘돈방석’
20170523,"예보,성과연봉제논란의축으로"
20170523,[백브리핑]비정규직전환눈치보는저축銀
20170523,저임금은행텔러1만명일반직군전환추진된다
20170523,"대우건설,1123억원채무보증결정"
20170523,저임금텔러1만명일반직군전환추진···'직원간차별해소'긍정취지불구'추가비용'불가피
20170523,"이헌재전부총리주도추진위출범""빈부격차등문제해결에임팩트금융이역할할것"""
20170523,젊은샐러리맨대출한도확늘어난다
20170523,"코스피이틀연속최고치""향후1년은주식이으뜸"""
20170523,"[올댓차이나]홍콩증시,사흘연속상승마감…H주0.20%↑"
20170523,미래소득반영…젊은층대출한도`업`50대이후`다운`
20170523,DSR산정방식도개선
20170524,‘스튜어드십코드’1호기관투자자나왔다
20170524,"‘무능통장’ISA,세액공제로힘받나"
20170524,지정학적리스크·가계부채…“금융시스템최대위협요인”
20170524,고도제한풀린코스피…“2600까지간다”
20170524,한미약품미공개정보이용자14명에과징금24억원‘폭탄’
20170524,한미약품미공개정보이용24억과징금부과
20170524,"한화손보,저소득층자녀에‘기부보험’"
20170524,[서울경제TV]은행희망퇴직여유분으로청년고용확대할듯
20170524,"""내수보다수출이'양질의일자리'만든다"""
20170524,로봇은행원시대열렸다
20170524,"당국,다음달부터은행해외법인부실점검나선다"
20170524,은행신탁자산돌풍…올들어17兆급증
20170524,韓금융시스템최대위협요인은'지정학적리스크''가계부채'
20170524,"갤럭시S8홍채인식獨해커에단숨에뚫려…""지문인식보다위험"""
20170524,"화재보험협회,불조심어린이마당행사"
20170524,국내최대금융리스크가계빚·북핵·美금리
20170524,보험사와의료자문분쟁…금감원이조정나선다
20170524,"신한금융투자,올하반기'신한금융시장포럼'개최"
20170524,"[올댓차이나]항셍지수,반락개장했다가상승마감…H주는0.04%↓"
20170524,"DGB사회공헌재단,'파랑새백세Green사업단'개소식"
20170524,대출신청때미래소득까지심사…장기채무탕감새출발지원
20170524,"융·복합기술창업기업육성…신보,5년간1조보증공급"
20170524,“흥국생명취급안해요”시중은행보험판매꺼리는이유
20170524,"보험사-계약자의료분쟁,금감원이조정한다"
20170524,"[마켓인][오늘의M&A공시]SK하이닉스,파운드리사업부분할결정"
20170524,"한·일투자자몰려가격폭등…SNS엔""한달새5배벌었다""무용담"
20170524,문재인정부가한은에무관심하다고?
20170524,"[백브리핑]보험업계,복지부장관인선'촉각'"
20170524,'몰테일KB국민카드'로직구배송료할인받자
20170524,"카카오뱅크,25일부터실거래운영점검"
20170524,"IBK기업은행,한국동서발전과동반성장업무협약"
20170524,신한銀'마이카대출'대형바이크까지확대
20170524,보험사와의료분쟁땐금감원이조정해준다
20170524,"""레드오션도다시보자""임영진신한카드사장,제휴카드강화"
20170524,추가자구노력급한데...채권단탓만하는성동조선노조
20170524,"비트코인·이더리움은화폐인가""사용처제한된가상화폐…화폐라기보다투기자산"""
20170524,"시중은행,최소5조원소멸시효완성된'죽은채권'소각추진"
20170524,신용긴축으로중국증시탈출한자금'신안전자산'비트코인으로몰렸다?
20170524,'이더리움'투기광풍
20170525,"농협“비정규직5,245명단계적정규직전환"""
20170525,은행권핵심성과지표도개편추진
20170525,뜨거운코스피…4일연속신고가행진
20170525,사잇돌대출공급물량2배확대
20170525,소액·장기연체빚탕감해준다는데…50대·15년∼25년연체자최대수혜
20170525,"[포토]임영진신한카드사장,‘힐링숲’만들며직원들과소통"
20170525,"신한카드,소나무숲살리기봉사활동"
20170525,"양채열전남대교수,산업은행새사외이사로선임"
20170525,손해율낮추고보험사기걸러내고‘빅데이터의힘’
20170525,"강도세진가계빚대책···대출총량,가처분소득150%내제한할듯"
20170525,2금융권대출자6만3000명금리인하요구혜택
20170525,메리츠화재개인용車보험료내달1일부터0.7%인하
20170525,유럽순방이동걸산은회장해외금융회사와사업모색
20170525,"DSR'마통'반영액,연간평균치적용유력"
20170525,보장성보험초회보험료급증…5년간3배껑충
20170525,"""비정규직제로""새정부발맞춰..금융기관,정규직전환가속도"
20170525,"신한카드,남산에‘힐링숲’만들며소통의시간가져"
20170525,"연대보증'족쇄'풀면창업늘겠지만…은행,대출리스크커질듯"
20170525,"디에스케이,김태구씨로최대주주변경"
20170525,ISA가입완화·비과세확대…'만능통장'넘어'국민통장'으로
20170525,"농협은행,외국인농촌근로자체육대회개최"
20170525,"NH농협캐피탈,단양에서일손돕기나서"
20170525,"[서울포럼2017]""미래로봇은자율성이필수...기술·제도뒷받침돼야성공"""
20170525,[서울포럼2017]“미래의석유‘데이터’확보해야4차산업혁명서승리할것”
20170525,"[모바일한경]이주열한은총재,붉은넥타이맨이유등"
20170525,'통일대박'예적금잇단폐지...前정부흔적지우는은행들
20170525,사잇돌대출6만건넘어서
20170525,"KEB하나銀""축구심판증으로카드결제까지"""
20170525,2금융권금리인하수용률'꼴찌'는보험사
20170525,[백브리핑]카카오뱅크출범고대하는케이뱅크?
20170525,"은행창구막힌MG손보,카드사와제휴'우회전략'"
20170525,"[경제브리핑]무역보험公,쿠웨이트정유설비사업참여업체지원"
20170525,"케이에스피""최대주주지분매각협의중"""
20170525,"동원금속,이은우대표보통주2만주장내매수"
20170525,[경제브리핑]사잇돌대출6470억원넘어…상호금융권도내달출시
20170525,"BC카드,UMFKorea2017티켓7%할인이벤트"
20170525,"[올댓차이나]홍콩증시,뉴욕증시강세에상승마감…H주1.74%↑"
20170525,"[포토]KEB하나은행,'오늘은얼마니?'적금출시"
20170525,여신금융사리스크관리교육내달8일까지신청
20170525,"우리다문화장학재단,‘다문화부부결혼식’신청접수"
20170526,"[클릭!한경]문재인정부서민금융지원에'환호'…일부선""퍼주기아니냐""지적도"
20170526,P2P업체망해도돈떼일위험줄어든다
20170526,코스피‘파죽지세’…실적+유동성장세
20170526,“P2P대출과도한규제풀어야”
20170526,가계빚걱정되는국정기획위…금감원·한은업무보고검토
20170526,"금호타이어채권단,매각무산시채권만기연장불가"
20170526,"이엔쓰리,40억규모유상증자결정"
20170526,"에이리츠,LG전자강서빌딩우선협상대상자로선정"
20170526,"두산건설,763억규모토지및건물처분결정"
20170526,"[이모저모]""절세법궁금했어요""…쏟아지는질문세례"
20170526,"[올댓차이나]홍콩증시,뉴욕증시강세로상승마감...H주0.08%↑"
20170526,"신한銀,'신탁방식P2P대출디지털플랫폼'선보여"
20170526,"산은,‘PE·VC펀드위탁운용사선정에50개사지원"
20170526,[포토]붐비는'이데일리와함께하는웰스투어'
20170526,[포토]재테크에관심있다면'이데일리웰스투어'로
20170526,"씨케이에이치,1분기영업익26억…전년比83.4%↓"
20170526,"[웰스투어2017]""성수동,서울역부근저평가아파트ㆍ다세대주택유망"""
20170526,"예보,2016회계연도기금운용평가‘탁월’평가"
20170526,시중銀'죽은채권'소각...'신불자'추심굴레벗는다
20170526,"금호타이어채권만기연장카드..채권단,박삼구회장결단‘압박’"
20170526,"""집,물려줄재산아닌노후자금""...주택연금가입늘어"
20170526,"[종합]산은,금호타이어채권만기3개월연장추진…박삼구전방위압박"
20170526,"우리카드,법인카드경비처리서비스‘비즈플레이’출시"
20170526,"종교인과세,2년추가유예?…청와대""결정사항없다"""
20170526,부산항만공사'중소기업상생펀드'50억원으로확대
20170526,"거래소,네오피델리티에주가급등관련조회공시요구"
20170526,"금호타이어채권단""매각이최선,1.3조채무3개월연장"""
20170526,"IBK기업은행,서산시와동반성장업무협약"
20170526,[표]당좌거래정지(5월26일)
20170526,"[단독]""금호타이어매각불발땐'박삼구경영권'회수"""
20170526,"[올댓차이나]중국증시,신규재료부족에혼조세마감…상하이0.07%↑"
20170526,"우리은행“1만8835명‘죽은채무’,즉시기록삭제”"
20170526,"잉글우드랩코리아,잉글우드랩이노베이션흡수합병"
20170526,신한銀신탁방식P2P대출플랫폼출시
20170526,"미래에셋생명,PCA생명통합추진단발족"
20170526,보금자리론6월금리동결연2.8%~3.15%
20170526,"우리銀,1868억소멸시효완성채권소각"
20170526,"KB국민銀,4500억원포모사본드발행"
20170526,"김진표국정기획자문위원장""인터넷전문은행이금융담합허물것"""
20170527,'공원과친구되는날'…서울숲공원가꾸기나선은행권임직원
20170527,[종합]로또756회1등5명…1인당34억1443만원
20170527,"로또756회1등'10,14,16,18,27,28'…보너스'4'"
20170527,랜섬웨어경보금융소비자피해예방법은?
20170527,은행연합회'공원의친구되는날'자원봉사
20170527,[최인용세무사의절세가이드]주택팔때절세하는10가지방법
20170527,[보험재테크톡!Talk!]우체국실비보험그렇게좋은가요?
20170527,[오은석의부동산재테크]투자는돈보다시간
20170527,"우리다문화장학재단-서울시,다문화합동결혼식부부모집"
20170527,"""얘들아싸우지마라""…내년부터로펌에전재산맡긴다"
20170527,"""통신요금3만원연체,신용등급떨어지나요?"""
20170527,"[포토]IBK기업은행,서산시와동반성장업무협약"
20170527,[오마이머니]자격증취득또는승진했다면...'금리인하요구권'으로대출금리낮춰보세요
20170527,[오마이머니]“나홀로족주목”1인가구전용적금들어볼까
20170527,"은행권,소멸시효완성채권잇달아소각"
20170527,"보험사실적,보험영업아닌자산운용이판가름"
20170527,"은행들,文정권'코드맞추기'…채권소각·정규직전환발벗고나서"
20170527,[표]은행정기예금금리(26일기준)
20170527,[단독]‘대학등록금카드수수료1%이하’법안나온다
20170527,[강금융씨의고민타파]치아보험치료비부담덜어준다고?
20170527,"산은,금호타이어매각압박…“채권만기3개월연장해주고20년간상표권사용요구”"
20170527,"코스피`2,355.30'사상최고치닷새째신기록"
20170528,상승장소외된개미들“지표활용법도몰랐구나…”
20170528,[증시전망대]美업종별수익률명암뚜렷…경기민감주ETF확대를
20170528,[재테크레슨]저금리시대주목받는신흥국
20170528,기업눈치에…투자의견서여전히‘매수’일색
20170528,신바람난코스피…年순익140조전망
20170528,"[Money&Money]어니스트펀드,업계첫예치금신탁관리시작"
20170528,[최영희기자의투자가이드]29일부터개인투자한도제한…돈벌려면발품팔아라
20170528,'투자한도제한'등P2P가이드라인시행실시
20170528,"보험연구원""건강생활서비스,형평성·역선택부작용주의"""
20170528,우리은행‘위비뱅크’개편
20170528,홀인원네번…알고보니보험사기
20170528,P2P대출사업성·업체신용도살펴분산투자해야
20170528,"[인터뷰]장마리마세국제금융공사(IFC)최고투자경영자""개도국지원·수익성두토끼…韓,그린본드펀드투자기대"""
20170528,금융복합점포시너지강화로실적껑충
20170528,가계저축액내리막길가속..투자자금비축기업과대비
20170528,[한상춘의'국제경제읽기']비트코인투기광풍과문재인정부'화폐개혁'
20170528,"BNK금융""공매도세력찾았다""…검찰에고소장제출"
20170528,"금융위,급성장P2P대출조이기시작"
20170528,29일부터P2P투자제한…1인당연1000만원이하로
20170528,"상사맨출신보험학자김헌수신임한국보험학회장""보험업위기…전문인력양성힘쓸것"""
20170528,전월세상한제시행땐되레'전셋값폭등'부를수도
20170528,"'도시재생뉴딜'수혜구도심주목…""서울강북가장유망""43%"
20170528,우리은행`위비뱅크`2주년맞아새단장
20170528,"KEB하나은행,`포켓몬어린이주택청약통장`출시"
20170528,복합금융그룹통합감독도입대기업금융구조개편‘급물살’
20170528,성세환회장재판장기화조짐…BNK금융`경영공백`길어질듯
20170528,내연봉은몇등?다음달샐러리맨소득통계나온다
20170528,"""문재인시대최고재테크는주식""72%"
20170528,"우리은행,위비뱅크출시2주년개편"
20170528,보험약관...이해가가나요?
20170528,[표]외국환율고시표(5월26일)
20170528,새정부가계부채추가대책…주택담보대출상환기간축소
20170528,[파이낸스라운지]1년에4번이나홀인원했다고?
20170528,P2P투자한도年1000만원…29일부터가이드라인시행
20170528,하반기서민금융상품공급확늘린다
20170528,"김재천주금공사장""식사메뉴통일하자는조직문화로는혁신불가"""
20170528,폐지수순밟는성과연봉제...현장선'이러지도저러지도'
20170528,[비정규직해결방식10가지문제점]⑨파트타임원한직원도정규직해야하나
20170528,자보료포함되나...생활비절감대책에손보사전전긍긍
20170528,"김재천주금공사장""주택연금가입자1년새1만명↑...노후걱정덜대안자리잡아"""
20170529,[서울경제TV][투데이포커스]법정최고금리인하부작용없나
20170529,"아프로서비스그룹,인도네시아상업은행인수"
20170529,"롯데마트,동전없는사회에발벗고나선이유"
20170529,"한국금융연구원,""금융사,디지털금융`배상책임`확대해야"""
20170529,北미사일도발에도…장중최고치찍은코스피
20170529,생활밀착형보장성보험‘인기’
20170529,자동차보험흑자전환‘함박웃음’
20170529,금융회사가장유사수신업체주의보
20170529,"DGB금융그룹,다문화가족금융경제교육실시"
20170529,막연한미래가두려운청소년…KB금융으로초대합니다
20170529,"하나생명,노을공원식재"
20170529,에어비앤비도GDP잡힌다
20170529,한국P2P에반한미국VC…렌딧에세번째투자
20170529,"SC제일은행,첫거래고객에연1.8%특별금리"
20170529,"하영구은행연합회장""금융규제네거티브방식으로바꿔야"""
20170529,"국민은행,기보와일자리창출협약"
20170529,농협은행의'AI콜센터'실험
20170529,"한진,부산컨테이너터미널에1160억출자"
20170529,“금융규제네거티브로바꿔야…겸업주의전환도”
20170529,도난피해등생활밀착형보험상품갈수록인기
20170529,"P2P금융사렌딧,투자금100억원유치"
20170529,"한은,내달1일국정기획위업무보고…가계부채대책나올까"
20170529,"[올댓차이나]홍콩증시,부동산주·금융주강세로상승마감…H주0.37%↑"
20170529,"아프로서비스그룹,인도네시아상업은행지분99%인수"
20170529,"[마켓인][오늘의M&A공시]미래에셋생명""PCA생명과합병검토중"""
20170529,"금융사사칭유사수신업체주의보…""원금·고수익보장의심해야"""
20170529,"보험연수원,보험심사역시험에2647명신청"
20170529,"국정기획위,국민연금에쓴소리""투명성·독립성대책내놔야"""
20170529,[백브리핑]은행서호남출신OB눈여겨보는까닭은
20170529,"국민은행,일자리금융지원"
20170529,하나금융‘하나멤버스론’출시···사실상인터넷은행으로변모
20170529,국내P2P'렌딧'美등서100억유치
20170529,[파이낸셜포커스]RBC급락에도...오너에막힌흥국생명경영정상화
20170529,"하영구은행연합회장""실수요자엔LTV·DTI상향해줘야"""
20170529,대부업손떼는아프로印尼상업은행품었다
20170529,"신원종합개발""칸서스자산운용인수본입찰참여안해"""
20170529,"삼성·한화등대기업10여곳`유력`…""중간금융지주사설립필요"""
20170529,"""달러환전도이제ATM에서"""
20170529,"하나카드,10대업종·지방세무이자할부제공"
20170530,단위농협·수협서도거치식주담대출못받는다
20170530,상호금융권도주택대출깐깐해진다
20170530,내달부터全상호금융권거치식주택대출못받아
20170530,"은행들,부동산PF대출심사·관리강화한다"
20170530,성세환BNK회장“거래권유했을뿐공모없어”…시세조종혐의부인
20170530,"[마켓인사이트]기관,해외VC'펀드오브펀드'에베팅"
20170530,"삼성자산운용,업계첫인출식연금펀드출시"
20170530,"KT,뱅크웨어글로벌과'금융클라우드'혁신나서"
20170530,[서울경제TV][투데이포커스]보험설계사도정규직으로해야되나
20170530,"LGCNS,세계최대금융블록체인컨소시엄R3와맞손"
20170530,"[마켓인][오늘의M&A공시]사조동아원,한국제분흡수합병"
20170530,"캠코,임원청렴계약·서약식"
20170530,"수은,한진해운신항만경영권유지에375억투자"
20170530,"MG손보,온라인자동차보험시장진출"
20170530,[서울경제TV]DSR도입으로실적상승기대하는은행권
20170530,"웰컴론,대출상품비교플랫폼‘렌딩마켓’업그레이드"
20170530,의결권적극행사한연기금에인센티브
20170530,RBC규제단계강화...보험업계20조자본확충유도
20170530,5대지방은행도정규직전환속도낸다
20170530,부동산·은행·증권전문가'어벤저스'...KB부동산자문센터인기
20170530,[백브리핑]산은·기은이가슴쓸어내린까닭
20170530,"미래에셋대우""SK증권인수검토한적없다"""
20170530,"은행들,부동산PF대출리스크관리강화…""보통→요주의분류해충당금쌓는다"""
20170530,우리은행`위비상담서비스`13개국으로확대
20170530,보험부채잔존만기단계적확대…내년까지30년으로늘린다
20170530,"KB국민은행,신평택복합발전에8400억PF참여"
20170530,내달부터상호금융권도주택대출까다로워진다
20170530,IFRS17에바젤Ⅱ까지적용…삼성-한화생명`자본금대수술`
20170530,"BNK금융,수도권공략본격화"
20170530,"신한생명,10년연속보험지급능력`최고등급`"
20170530,"KB국민은행-동물병원협회,금융-펫의료융합상품개발`맞손`"
20170530,"신한카드-신한은행,시너지상품2종"
20170530,"금융지주들,계열사시너지창출에전력"
20170530,"오리엔트정공,1분기순익5.4억…전년比33.7%↑"
20170530,"Sh수협은행,'수협파트너뱅크'앱출시기념이벤트"
20170530,전자신문추천2017년금융혁신상품·서비스
20170530,"박준범라살자산운용한국지사대표“글로벌부동산호황?끝나려면멀었다"""
20170530,"“웰컴론,렌딩마켓이용시승인률기존2배”"
20170530,"건물주의실력행사,‘범죄’될수있다"
20170530,"산은-금호,상표권협상착수…""공식요청시검토"""
20170531,알리안츠생명신임사장에순레이현부사장내정
20170531,"저축은행,SBI톡톡2000억원돌파...“인터넷은행안부러워”(종합)"
20170531,"“채권단,금호타이어더블스타에매각계속추진보고”"
20170531,화재사망보험금최대1억5000만원으로인상
20170531,알리안츠생명사장에순레이씨
20170531,[국정기획위업무보고]“금융관행개선방안더마련해야”
20170531,[백브리핑]기업은행노조가바빠진이유
20170531,"국정기획위""채권단중심구조조정개선해야"""
20170531,신한금융1위자리'흔들'...도전맞닥트린조용병號
20170531,"[fn이사람]양원근하나금융그룹사외이사""산업구조조정,은행이주도해야"""
20170531,"우리은행,'우리나라사랑정기예금Ⅱ'출시"
20170531,"한은,성희롱사건연루2명팀장직위해제결정"
20170531,[서울경제TV]카드모집인또헌법소원···이번엔달라질까
20170531,[단독]장애인명의대리대출범죄꼼짝마
20170531,“잠자는계좌정리하세요”…금융권14일간홍보키로
20170531,"한은,성희롱연루직원2명직위해제"
20170531,"""자산관리산업의블루칩,로보어드바이저""...제17차핀테크데모데이개최"
20170531,"한국은행성희롱물의팀장급간부2명,직위해제"
20170531,제17차핀테크데모데이개최
20170531,[인사]애큐온캐피탈
20170531,"페퍼저축은행,비정규직100%정규직전환"
20170531,"""핀테크시장주도""…스타트업과손잡는은행들"
20170531,"국민은행,베트남중앙銀과주택금융워크숍"
20170531,삼성화재자동차보험마일리지할인폭확대
20170531,"동양생명종신보험,5개월만에2만건돌파"
20170531,화재사망보험금최대1억5000만원으로
20170531,도서관·공연장에야간LED쇼까지…을지로에이런은행보셨나요?
20170531,"""완화적통화정책기조지속해야""고승범금통위원간담회"
20170531,"금융위,1단계정부조직개편서빠졌지만논란은여전"
20170531,"BNK경남은행,골드바3.75ｇ판매…8종으로늘어"
20170531,"페퍼저축은행,비정규직계약직전원정규직전환"
20170531,"고승범금통위원""한은,중소기업에금융중개지원대출늘려야"""
20170531,"한국씨티은행,여성금융인재양성앞장...이화-씨티아카데미로2400여명배출"
20170531,하영구은행연합회장‘오락가락성과연봉제’
20170531,"""우선협상자인중국더블스타에금호타이어원칙대로매각"""
20170531,알리안츠생명신임사장에순레이CFO내정
20170531,알리안츠생명사장순레이...보험사최초중국인대표
20170531,"삼성화재,업무용전기차보험출시"
20170531,"""농협,지역단위조합도정규직전환시켜야"""
