불용어,긍정어,부정어
예비,흑자전환,폭탄
오전,최대실적,적자
올해,영업이익최대,손실최대
증시,흑자,최대손실
300,실적최대,화재
코스닥기업공시,4분기실적최대,패소
코스,수익성 개선,적자확대
공시,소각,적자전환
피기관,자사주취득,관리종목지정우려
경스타즈,자사주소각,공시위반
지분,공급계약,금리인상
드펀딩,호재,조회공시요구
0.3,저평가,임금체불
거래소,사상최대반등,과태료
케이,상승,중대재해처벌법
주식,회복,불성실공시법인지정
보유,사자,횡령
단기,수주,배임
행사,반등,적자폭확대
주간,강보합,주의보
12,외국인순매수,불성실공시법인
16,1등,적자지속
필링크,연고점,악재
로봇,회복세,처벌법
건강,상승세,하락
연결,집중,중대재해법
개월,기대감,약보합
지난해,호조,하락출발
작년,부양책,중대재해
지난해영업,최고치경,순매도
작년영업,정상,개인순매도1위
전년,성공,사망사고
흐름,차익,실형
코리아,차익실현,의혹
에스,우위,공포
차입금,유입,과대포장
하루,오름세,둔화
10,상승마감,과대
17,최고치,접대
10년,고가,혼조세
58,사수,뇌물
31,매수강세,폭락
사이트,해소,붕괴
트럼프,급등,재판
마켓,증설,성접대
500,기부,영장
회계,훈련,위축
스마트,수상,빅스텝
매력,협력,비리
50,개선,불황
라운드,승진,실패
아이,친환경,불안
영국,재활용,가짜
기업,나눔,팔자
케어,치료제,후퇴
전환,탄소중립,하락세
사업,표창,추락
전일,안전관리,고금리
상장,획득,하회
결정,방역,쇼크
사주,취득,약세
규모,강보합세,과잉
메탈,폭등,침체
이번,전진,경기침체
3월24일,성금,반발
지주사,진출,불발
기술,최우수,하락마감
24,순매수상위,리스크
연기,개편,위험
회사,고용허가제,저가
익스프레스,창출,낙폭
0.02,허가제,부실
700선,수혜,공세
정기,본격화,충격
심리,신상품,무역분쟁
빌딩,상향,매도강세
동부,극복,매도우위
절반,시너지,신고
실시,안정,소송
변경,적정,피해자
경기,단독,유해
거래,가능성,화학사고
안타,실현,누출
26일,선정,유출
26,체결,금지
다이,적정수준,징역
법인,경신,임상
투데이,쌍끌이,거세
증권다이,신설,파업
스트,성과,고물가
250,출시,직격탄
2000,정배열,부상
직스,개발,폭발사고
투자자,확대,사재기
오프,대응,최악
상위,우수,반려
스탁,주목,남용
이벤트,발전,불법
투자뉴스,선도,마약
롯데,활용,적발
셋대우,개최,처분
대우,혁신,위반
하나금융투자,협약,대마
감사,최고,구속
쇼핑,투자,악화
최종,추진,급락
현대,차세대,약보합세
미래,성장,축소
20,돌파,허위
자산,수출,타격
매매,개혁,경기둔화
변동,지원,종료
지정,강화,수입규제
금융,캠페인,부족
종목,완화,산불
운용,추천,순매도상위
관리,매수,매수우위
딩스,1위,중단
이주노동자,도입,턱걸이
증권,업무협약,공매도
뉴스,기대,부담
경정,구축,감소
외국인,예방,인력난
가격,설립,인플레
컴토,강세,인상
예상,중심,손해
마켓포인트,탈환,검거
포인트,,사망
2.4,,취약
케미칼,,사고
코스피상장,,제재
등급,,부진
펀드,,수사
매니저,,피해
새해,,우려
증권사,,위기
이즈,,매도
국내주식,,매도세
신용,,제한
웍스,,갈등
현황,,분쟁
베스트,,배당락
네트,,
해외,,
주관,,
소재,,
수요,,
오늘,,
자금,,
0.2,,
아이티,,
주가,,
사람,,
마감,,
실적,,
사상,,
유형,,
목표,,
고객,,
뉴욕개장,,
어린이,,
뉴욕,,
경제,,
긍권,,
대한민국,,
출발,,
대표,,
내정,,
지표,,
넥스,,
업익,,
예탁금21조,,
브이,,
계약,,
산전,,
제이,,
공급,,
로봇뉴스,,
시스템,,
무산,,
서비스,,
미디어발전소,,
스틸,,
산업,,
터프,,
재운,,
베이,,
업체,,
분기,,
동향,,
2016,,
1000,,
23,,
22,,
협상,,
스타,,
조회,,
보령,,
하이,,
모범,,
시대,,
단신,,
0.32,,
효과,,
발표,,
일정,,
조원,,
아시아,,
미국,,
610,,
개인,,
월가시각,,
수익률,,
11,,
합병,,
장외,,
장내,,
월가,,
스팩,,
시각,,
회장,,
온라인,,
반도체,,
100,,
주주,,
사채,,
발행,,
포스,,
노후,,
억원,,
개미,,
노후준비,,
3000,,
10억원규모,,
지수,,
철회,,
100억원,,
취임,,
요구,,
글로벌,,
배상,,
관련,,
트럼프취임,,
가치,,
15,,
신규,,
음식료품,,
영업,,
150,,
37,,
30,,
13,,
19,,
세계,,
제품,,
이전,,
33,,
장마감후기업,,
배당,,
미김,,
대비,,
출범,,
물가,,
연속,,
랠리,,
사모,,
통합지표,,
억대,,
베팅,,
예고,,
총회,,
유럽마감,,
3거래일,,
기관,,
코스닥기관,,
도상위종목,,
강원,,
유지,,
장외주식,,
이데일리마켓브리핑,,
카드뉴스,,
2017,,
우선,,
한시,,
200,,
사명,,
현저한시,,
인터뷰,,
시세표,,
옵션,,
만원,,
종합,,
52,,
상품,,
에프,,
피선,,
국내기관,,
자본,,
최대,,
주간기관,,
코넥스,,
운영,,
시장,,
코스닥,,
코스피,,
증권시장공시건설,,
검토,,
식료품,,
트리,,
이사,,
몰이,,
일본,,
4분기실적,,
대형주,,
관련주,,
기간,,
투자증권,,
메디,,
우리,,
교체,,
업계,,
에이치,,
바다,,
110,,
주요,,
금리,,
사면,,
주간투자주체,,
증권가,,
소리,,
호주,,
1월9,,
93,,
통상,,
모터스,,
13일,,
물산,,
브라질,,
미니,,
너스,,
항공,,
정밀,,
토지,,
삼성,,
유럽증시,,
거래현황,,
유럽,,
뉴욕증시,,
공제회,,
2160,,
아시아주요증시동향,,
제외,,
자회사,,
이틀,,
대성산업,,
레이더,,
양회,,
기금,,
박스,,
발생,,
기준,,
화승,,
만주,,
삼일,,
이유,,
원장,,
월드,,
해피,,
재테크,,
보고서,,
문화,,
그룹,,
만료,,
제출,,
웨이,,
솔루션,,
노믹스,,
대우건설,,
제조,,
유안타증권,,
공기청정기,,
호텔신라,,
감사의견,,
나스,,
4년만,,
신한금융투자,,
신한,,
보어,,
어드십,,
134,,
믹스,,
69,,
랜드,,
공단,,
컴퍼니,,
초대형,,
대기업,,
센터,,
사유,,
5000,,
홀딩,,
이드,,
우주,,
현대로템,,
로템,,
퓨쳐스,,
대규모,,
행남생활건강,,
브릿,,
일본주요기업주가,,
여의도,,
담보,,
읽기,,
엔지켐생명과학,,
케이프,,
포스트,,
노스,,
코스피200옵션,,
삼성운용,,
상담,,
미니코스피200,,
외인,,
당국,,
서울경제,,
내달,,
우진,,
나라,,
소폭,,
금감원,,
고처,,
삼립,,
종목상담,,
한솔,,
현장,,
포토,,
한국투자증권,,
영화,,
셀코리아,,
세진,,
골든,,
키움증권,,
오리온홀딩,,
스튜,,
테마,,
종합2보,,
레이,,
메디톡스,,
프라이,,
현지,,
556,,
셀트리,,
모건,,
액티브,,
아파트,,
계좌,,
소비,,
아이펀드,,
증권글로비,,
화학,,
신라,,
폐쇄사업,,
동부제철,,
주당,,
프리,,
큰손,,
가상,,
진입,,
유상,,
플러스,,
국민연금,,
신세계,,
베트남,,
카페,,
750,,
투신,,
후보자,,
사장,,
카카오,,
태형,,
55,,
나이스,,
정책,,
역대,,
화폐,,
치경,,
900,,
255,,
코스피기관,,
전망,,
평가,,
인수,,
가상화폐,,
신신,,
제약,,
약품,,
삼화,,
씨티,,
근접,,
년래,,
교보,,
부국증권,,
크론,,
당기,,
소득포스,,
컨설팅,,
올림픽,,
행정,,
라인,,
29,,
17년4분기,,
흡수,,
후주요종목뉴스,,
유니,,
메이드,,
윈드,,
진단,,
매매동향,,
대체,,
중소형,,
투자주체,,
3100,,
하나,,
한화,,
메모,,
홍콩증시,,
차이나,,
동남아,,
세화,,
1200,,
대구,,
예약,,
셀트리온헬스,,
노조,,
러시,,
3.3,,
74,,
매출액,,
투자실적,,
율촌,,
기업은행,,
지역난방공사,,
항암,,
2030,,
물품,,
테크윈,,
에이,,
더블유,,
4000,,
400,,
40,,
주총,,
리더스,,
이병,,
현대모비스,,
삼양,,
올댓차이나,,
엔씨소프트,,
리얼,,
테크놀로지,,
사파이어테크놀로지,,
면세점,,
글로비,,
부회장,,
견비,,
오텍,,
도보,,
폐지,,
무역,,
주체,,
잠정,,
전기,,
남북,,
남북경협,,
남광토건수익률,,
씨에스월드,,
규모전환,,
폭스브레인,,
오피스텔,,
디스카운트,,
영향,,
계열사,,
임원,,
스톡,,
나흘,,
나노,,
금호,,
일가,,
국제,,
여행사,,
광고,,
블록,,
대한,,
장성,,
실적발표,,
2500,,
네오,,
투자마켓,,
건설,,
상환,,
상하이지수,,
삼부,,
제노레이,,
보증,,
채무,,
옥석,,
외국인기관,,
외국인매매동향,,
2018,,
서울대,,
골프,,
위원회,,
삼바,,
알미늄,,
바이오,,
분변동,,
신청서,,
전자,,
비트코,,
주요증시지표,,
발간,,
편입,,
대성엘텍,,
무드,,
고수,,
경남,,
마켓뷰,,
수수료,,
연구소,,
웨어,,
코람코,,
예수,,
듀월사회공,,
눈길,,
삼성물산,,
펀드자금동향,,
애경산업,,
폴트,,
탄생,,
어치,,
경펀드닥터,,
열기,,
은행앤티앤,,
버추얼텍,,
디스커버,,
레이션,,
코오롱,,
오너,,
장학생,,
59,,
중견,,
과정,,
수직증권자금동향,,
부동산,,
청과,,
전문,,
공개,,
현대산업개발,,
긴장감,,
펀드줌인,,
폴루스바이오,,
생산평가,,
제약사,,
브랜드,,
모간,,
도시,,
통보,,
설명회,,
한진,,
외국계,,
폴루스,,
중선위,,
현대오일뱅크,,
이즈미디어,,
거래소주가지수선물,,
한국콜마홀,,
캐피탈,,
리인프라,,
벤처,,
엔젤,,
스타트,,
공항,,
뉴보텍,,
장중,,
마감시황,,
시황,,
서비스업,,
보험,,
은행,,
금융업,,
통신업,,
운수창고,,
창고,,
운수,,
건설업,,
가스,,
전기가스,,
전기가스업,,
유통,,
유통업,,
장비,,
운수장비,,
의료,,
의료정밀,,
전기전자,,
기계,,
비,,
금속,,
비금속,,
광물,,
의약,,
의약품,,
종이,,
목재,,
종이목재,,
섬유,,
의복,,
섬유의복,,
이주,,
생산자,,
달러,,
환율,,
현재,,
장중시황,,
중시,,
정오,,
반전,,
2700,,
스피도,,
코스피도,,
마트,,
푸드,,
2700선,,
상반기,,
시도,,
연중,,
모바일,,
2030선,,
2330,,
동시,,
12월,,
전남,,
유가,,
8월,,
음식료,,
상장주식수,,
포장,,
제주,,
경영,,
코로나,,
코로나19,,
2400,,
확산,,
2400선,,
코스피지수,,
매물,,
2200,,
2200선,,
2100,,
2100선,,
2060선,,
1900,,
대형,,
3분기,,
4분기,,
1분기,,
2분기,,
미중,,
배열,,
경북,,
정부,,
2월,,
베스트셀러,,
기능사,,
삼성전자,,
국내,,
매출,,
한국,,
중국,,
투자심리,,
1970,,
1970선,,
파월,,
2070,,
2050,,
2050선,,
2070선,,
1900선,,
2010선,,
스텝,,
주식시장,,
합의,,
3000선,,
3200선,,
2600,,
2800,,
2180,,
2180선,,
2600선,,
거래일,,
2000선,,
4거래일,,
동학,,
회담,,
2230,,
1990,,
6거래일,,
동학개미,,
2230선,,
1990선,,
1930선,,
박스권,,
의류,,
2310선,,
비중,,
지속,,
기각,,
시간,,
시황종합,,
오후,,
발언,,
2300,,
2300선,,
2370,,
2340,,
2350선,,
2370선,,
2340선,,
2450,,
아래,,
한세실업,,
단지,,
5거래일,,
2170,,
2170선,,
제지,,
국일,,
국일제지,,
페이퍼,,
한솔제지,,
버추,,
페이퍼코리아,,
2440,,
지주,,
공방,,
무림,,
2430,,
2430선,,
2410,,
1960,,
2010,,
2080,,
2080선,,
사흘,,
800,,
코스닥지수,,
51,,
800선,,
사흘만,,
1.8,,
900선,,
행렬,,
6일,,
690선,,
14,,
1000선,,
48,,
훈풍,,
충북,,
환경,,
장세,,
등락,,
보합,,
2450선,,
눈앞,,
2480선,,
닷새,,
3일,,
터치,,
700,,
2360,,
3200,,
가까이,,
2330선,,
3100선,,
장초반,,
2060,,
1980,,
1980선,,
업종,,
목재업,,
0,,
나라우,,
종이목재업,,
배터리,,
전기차,,
종합화학,,
내년,,
화학과,,
엔솔,,
기차,,
2022,,
서울,,
속도,,
물질,,
화학물질,,
환경청,,
사업장,,
취급,,
하이닉스,,
정보,,
현대차,,
소방서,,
청주,,
교수,,
연구원,,
화학업계,,
대상,,
공동,,
논문,,
학회,,
인사,,
융합,,
철강,,
정유,,
특징,,
특징주,,
효성,,
원료,,
노베이션,,
롯데정밀화학,,
롯데케미칼,,
대산,,
화학사,,
연대,,
화물연대,,
화학기업,,
수산,,
텍스,,
여수산단,,
칼텍스,,
인도,,
러시아,,
여성,,
금호석유화학,,
인천,,
인천석유화학,,
이수,,
이수화학,,
전달,,
석유화학업계,,
대회,,
금유석유화학그룹,,
이상,,
적용,,
영업익,,
달성,,
장애인,,
선임,,
화학비료,,
대표이사,,
여수,,
화학적,,
화학제품,,
여수공장,,
생활화학제품,,
국민,,
활동,,
여수시,,
학술,,
아동,,
미원화학,,
판매,,
리콜,,
식품,,
김장,,
플라스틱,,
업무,,
생명,,
폐플라스틱,,
통합,,
요법,,
학과,,
자원,,
핵심,,
무기,,
탄소,,
화학무기,,
화학공장,,
사용,,
서산,,
분할,,
시리아,,
충남,,
화학상,,
중립,,
화학연구원,,
고려,,
이산화,,
아연,,
영화학,,
서산시,,
본부,,
석유화학,,
울산,,
에너지,,
생산,,
개시,,
에쓰,,
수소,,
신학,,
최초,,
양극,,
신학철,,
허가,,
원료의약품,,
품목,,
협회,,
수입,,
화장품,,
특허,,
리베이트,,
의사,,
입찰,,
제약업계,,
신청,,
동물,,
용의,,
동물용의약품,,
한미,,
한미약품,,
긴급,,
시행,,
반려동물,,
질환,,
겨울,,
공공,,
홍보,,
주도,,
재개,,
보상,,
식품의약품안전처,,
교육,,
유럽의약품청,,
처장,,
셀트리온,,
식품의약품안전처장,,
심사,,
이자,,
화이자,,
보고,,
권고,,
방문,,
식약처,,
병원,,
시험,,
시설,,
지역,,
환자,,
검사,,
품질,,
보건,,
방사성,,
마스크,,
방사성의약품,,
급여,,
북한,,
밀러,,
마련,,
신속,,
방안,,
인력,,
수급,,
바이오시밀러,,
완제,,
폐의약품,,
약국,,
처방,,
위탁,,
약사,,
수거,,
성분,,
동물의약품,,
경기도,,
전문의약품,,
삼성바이오,,
항체,,
과학,,
프로,,
키트,,
위탁생산,,
항체의약품,,
복용,,
개정,,
백신,,
바이오의약품,,
희귀,,
희귀의약품,,
신약,,
첨단,,
접종,,
공장,,
첨단바이오의약품,,
일반,,
일반의약품,,
기기,,
필수,,
의료기기,,
조사,,
표시,,
필수의약품,,
소식,,
결과,,
대란,,
후보,,
내일,,
동아제약,,
직구,,
18,,
동국,,
연휴,,
번호,,
추석,,
동국제약,,
감기약,,
의원,,
시작,,
품귀,,
종근당,,
사회,,
소비자,,
배달,,
구성,,
보관,,
25,,
접근,,
청소년,,
식량,,
구입,,
운송,,
용품,,
거래량,,
7월,,
시멘트,,
분양,,
체감,,
재고,,
체감경기,,
경기전망,,
농공,,
출하,,
모두,,
국가,,
4일,,
1950,,
1950선,,
1930,,
1조,,
마녀,,
광공업,,
중기,,
먼지,,
9월,,
6월,,
선물,,
자동차,,
미세,,
미세먼지,,
1월,,
부품,,
유치,,
막판,,
오후시황,,
1.6,,
2130,,
55분시황,,
네이버,,
2130선,,
오전시황,,
2470,,
2470선,,
1940,,
1940선,,
부산,,
초반,,
2350,,
중소기업,,
2020,,
2040,,
2390,,
긴축,,
전북,,
2970,,
관망,,
2410선,,
비철,,
비철금속,,
포스코,,
철강금속,,
철강 ,,
원자재,,
10월,,
11월,,
제철,,
기록,,
보호,,
잔고,,
5월,,
2021,,
수출입,,
납품,,
수지,,
조선,,
무역수지,,
관세,,
세미나,,
정우,,
국채,,
매파,,
대차,,
향방,,
2020선,,
창원,,
메가,,
창원메카지수,,
4월,,
고용,,
미국발,,
코앞,,
대금,,
21,,
종가,,
고려아연,,
소형,,
반도체주,,
창원지역,,
17일,,
삼전,,
한국산,,
2090,,
23일,,
역배열,,
수출기업,,
경계감,,
기계적,,
주차장,,
산공작기계,,
진행,,
민국,,
개소,,
장관,,
일손,,
특가,,
조치,,
체조,,
관리원,,
대전,,
기계체조,,
조합,,
인간,,
포항,,
노동자,,
기계면,,
공학,,
기계공,,
기계공학과,,
작업,,
재배,,
양파,,
마늘,,
빌리티,,
기계공학 ,,
시회,,
한화정밀기계,,
정식,,
키보드,,
사단,,
산업기계,,
육군,,
사업소,,
특별,,
보병,,
진화,,
특수,,
준공,,
생각,,
등록,,
상장기업,,
밭작물,,
콕스,,
수송,,
정읍,,
정읍시,,
맞춤,,
임대사업소,,
혁명,,
한국기계연구원,,
기계연구원,,
군산,,
직원,,
상장 ,,
건설기계,,
현대건설기계,,
공작,,
공작기계,,
장치,,
화천,,
화천기계,,
경진,,
양성,,
기탁,,
중공업,,
암기계공업,,
인공,,
차량,,
이웃,,
경유,,
인공지능,,
파종,,
농기계,,
폐차,,
조기,,
단체,,
지원사업,,
원인,,
임대사업,,
데이터,,
60,,
구미,,
대통령,,
60대,,
2명,,
매각,,
교육청,,
구미대,,
28,,
전략,,
농업,,
농업기계,,
건설기계안전관리원,,
인프라,,
수리,,
순회,,
코어,,
감면,,
산인프라코어,,
안전교육,,
대학,,
엔진,,
농촌,,
우수기관,,
디지털,,
가전,,
사이버,,
충전,,
전자파,,
매트,,
학년도,,
레인지,,
전기매트,,
전자레인지,,
테크,,
정비,,
계획,,
밸리,,
청년,,
태양광,,
세대,,
학습,,
박람회,,
경상,,
공학부,,
지능,,
장판,,
전기장판,,
일자리,,
접수,,
참가,,
소부장,,
신입,,
포럼,,
대구대,,
2년,,
경쟁,,
삼성전기,,
디스플레이,,
자제품,,
전자제품,,
공대,,
버스,,
준비,,
추가,,
신임,,
영남,,
스타트업,,
채용,,
공고,,
이재,,
분야,,
인증,,
재료,,
통신,,
대학교,,
수시,,
모집,,
육성,,
공사,,
노텍,,
자공,,
2019,,
직업,,
상승률,,
이슈,,
분석,,
세종,,
자유,,
헬스,,
빅데이터,,
기반,,
헬스케어,,
심포지엄,,
의료정밀기기,,
유전자,,
진료,,
바이오헬스,,
연구,,
조성,,
고려대,,
질병,,
의료원,,
잔고비중,,
고양,,
상장사,,
제조업,,
이동환,,
남대,,
의학,,
화순전남대병원,,
수술,,
강원도,,
사업단,,
코스닥의료정밀,,
검진,,
개장시황,,
동반,,
근로자,,
도시가스주,,
산업계,,
온라인쇼핑,,
거리,,
제일제당,,
제일,,
제당,,
지난달,,
희비,,
내수,,
트리플,,
거래액,,
가운데,,
3월,,
스피도 코스피도,,
재주,,
하반기,,
국제유가,,
평판,,
2150,,
사조,,
2500선,,
음식,,
변동성,,
칠성,,
롯데칠성,,
자영업자,,
상공인,,
창업,,
소상공인,,
대출,,
소득,,
통신서비스업,,
최저임금,,
일상,,
격차,,
연장,,
1인,,
카드,,
평균,,
중소,,
월급,,
최대폭,,
지원금,,
차이,,
업자,,
주요종목,,
상보,,
수준,,
전월,,
방송,,
서비스업생산,,
경제성장률,,
4차,,
채권,,
오미크론,,
구직,,
자리,,
가입자,,
인구,,
1년,,
상회,,
한국경제,,
칼럼,,
47,,
소매판매,,
재정,,
수도관,,
경제지표,,
숙박,,
연설,,
연설일정,,
2개월,,
속보,,
산업생산,,
급감,,
음식점,,
증가,,
취업자,,
최저,,
이후,,
취업,,
종사자,,
고용보험,,
급증,,
실업률,,
증가폭,,
실업,,
보험료,,
보험사,,
보험금,,
손해보험,,
가입,,
건강보험,,
사기,,
연금,,
지급,,
보험사기,,
재해,,
실손보험,,
농협,,
보장,,
저축,,
종신,,
라이프,,
교통사고,,
고의,,
교통,,
백내장,,
운전,,
일당,,
아내,,
특약,,
퇴직,,
20대,,
입원,,
여행자,,
자동차보험,,
할인,,
롯데손해보험,,
약관,,
자동차보험료,,
평가원,,
주담,,
주담대,,
비율,,
예금,,
건강보험료,,
예금보험공사,,
제도,,
건보,,
건강보험공단,,
납부,,
4대,,
확인,,
4세대,,
청구,,
혜택,,
풍수해,,
풍수해보험,,
책임,,
하세,,
자전거,,
군민,,
교보생명,,
살해,,
흥국,,
자전거보험,,
40대,,
사망보험금,,
살인,,
사건,,
참여,,
흥국생명,,
생보사,,
손실,,
경찰,,
모친,,
수령,,
농작물,,
재해보험,,
요양,,
장기,,
국민건강보험공단,,
군민안전보험,,
전세,,
농작물재해보험,,
대면,,
순익,,
전국,,
90,,
화재보험협회,,
삼성화재,,
삼성생명,,
상해,,
연금보험,,
시민안전보험,,
암보험,,
운전자,,
다이렉트,,
치매,,
언전보험,,
간편,,
플랫폼,,
상해보험,,
재단,,
사회보험료,,
유예,,
운전자보험,,
푸르덴셜,,
설계,,
산재,,
설계사,,
보험설계사,,
산재보험,,
손보사,,
생명보험,,
보험가입,,
셋생명,,
70,,
전국민,,
특고,,
이재명,,
라이더,,
가축,,
보험업계,,
실손보험료,,
해상,,
현대해상,,
농협손해보험,,
해지,,
농협생명,,
남편,,
대리점,,
보험회사,,
미가,,
봉사,,
보드,,
계층,,
자살,,
아들,,
즈우건사,,
삼성증권,,
대신,,
대신증권,,
공모,,
셋증권,,
하이투자증권,,
유가증권시장,,
연말,,
투자설명회,,
테슬라,,
미국주식,,
주관사,,
금투,,
개설,,
신영,,
신영증권,,
증권상품,,
풍향계,,
뱅크,,
부친상,,
증시신상품,,
협회장,,
의견,,
시즌,,
카카오뱅크,,
증권업계,,
메리,,
거래세,,
증권거래세ㅐ,,
메리츠증권,,
증자,,
청약,,
연임,,
신고서,,
증권신고서,,
게시판,,
신종,,
신종자본증권,,
대우증권,,
조직,,
리서치,,
증권소식,,
유무상,,
유무상증자,,
현금,,
빚투,,
비트,,
증권플러스,,
라임,,
카카오페이증권,,
동부증권,,
대학생,,
신한투자증권,,
순이익,,
이베스트투자증권,,
하나증권,,
영업이익,,
금융위,,
파생,,
rbah,,
2whd,,
토스,,
교보증권,,
퇴직연금,,
목표주가,,
결합,,
하향,,
1종,,
즈이권가,,
해외주식,,
오픈,,
유진,,
한화투자증권,,
주간추천종목,,
주간추천주,,
현대차증권,,
현대증권,,
어음,,
범죄,,
추천종목,,
누적,,
발행어음,,
착수,,
파생상품,,
시상식,,
수단,,
금융권,,
인기,,
기소,,
우리은행,,
신한은행,,
농협은행,,
국민은행,,
은행장,,
하나은행,,
부산은행,,
한국은행,,
광주,,
저축은행,,
인터넷,,
뱅킹,,
인터넷은행,,
한도,,
제일은행,,
장사,,
수협,,
수협은행,,
외환,,
세계은행,,
신탁,,
기업은행장,,
이동,,
행원,,
외환은행,,
전무,,
이용,,
신입은행원,,
국민은행장,,
27,,
실천,,
은행권,,
적금,,
정기예금,,
신용대출,,
지점,,
통장,,
대구은행,,
금융당국,,
예대금리차,,
내부,,
보이스,,
보이스피싱,,
금융지주,,
통화,,
5대,,
시중은행,,
 시중,,
주택,,
창구,,
욱성,,
안심,,
주택담보대출,,
동참,,
핀테크,,
육박,,
어디,,
광주은행,,
산업은행,,
얘금금리,,
면제,,
선두,,
승리,,
도약,,
배구,,
송금,,
외화,,
은행나무,,
지방,,
환전,,
한국씨티은행,,
지방은행,,
부문,,
가계,,
가계대출,,
중앙,,
중앙은행,,
기준금리,,
총재,,
은행원,,
연체,,
신한은행장,,
동결,,
회의,,
연봉,,
중권,,
차기,,
금융지원,,
전세대출,,
농협은행장,,
우리은행장,,
특판,,
메타,,
논란,,
분리,,
금산분리,,
금융사,,
감독,,
순매수,,
보험업,,
이제,,
결제,,
카드사,,
노숙인,,
머지,,
머지포인트,,
신용카드,,
통제,,
가맹점,,
현대카드,,
80,,
기상도,,
마이,,
동일,,
오픈뱅킹,,
빅테크,,
대부,,
마이데이터,,
클라우드,,
애플,,
금법,,
운동장,,
전자금융업자,,
소실 우선,,
핀테크핫이슈,,
감성전자,,
카드수수료,,
시그널,,
고통,,
현영,,
총리,,
공정위,,
80억,,
기자,,
최다,,
이진,,
영상,,
직장,,
7000,,
결혼,,
사태,,
10대,,
핫이슈,,
기관투자,,
나스닥,,
브리핑,,
출근,,
숙밥,,
유플러스,,
출근전,,
글로벌브리핑,,
행진,,
요8금,,
노동부,,
정보통신업,,
고용노동부,,
공매,,
공매잔고,,
2480,,
2380,,
2380선,,
2440선,,
게임,,
지식산업센터,,
알뜰,,
알뜰폰,,
지식,,
보합세,,
경계,,
사업체,,
우지,,
근로,,
2140선,,
2090선,,
국내증시,,
2140,,
모닝,,
1910,,
스닥,,
천스닥,,
삼천,,
삼천피,,
2420,,
2420선,,
운수장비업종,,
업종동향,,
1.5,,
금융시장,,
0.6,,
시트,,
롤러,,
롤러코스터,,
코스터,,
브렉시트,,
주간증시전망,,
고기,,
둔갑,,
명품,,
홈플러스,,
현대백화점,,
의무휴업,,
납품업체,,
대형마트,,
의무,,
쇼핑몰,,
복합,,
평일,,
상권,,
용진,,
물류,,
리테일,,
머스,,
쿠팡,,
대규모유통업법,,
1960선,,
1920,,
눈치보기,,
2150선,,
2280,,
49,,
의료정밀업,,
시초,,
동시호가,,
"2,000",,
원대,,
안팎,,
2210선,,
2210,,
7거래일,,
1거래일,,
2거래일,,
전문건설업,,
하도급,,
국토부,,
지역건설업,,
군수,,
엔지니어링,,
산업재해,,
선거,,
정규직,,
페이퍼컴퍼니,,
북도,,
윤중천,,
연기금,,
통운,,
본사,,
소매,,
2310,,
목전,,
상한가,,
나흘만,,
2740선,,
스탁리포트,,
달만,,
개장,,
가능,,
사랑,,
후원,,
점검,,
거래비중,,
관망세,,
안전,,
성장률,,
인하,,
치료,,
필요,,
구조,,
이익,,
신동,,
조세,,
공시요구,,
조정,,
여파,,
조회공시,,
턱밑,,
체류,,
규제,,
재난,,
감시,,
불확실,,
투심,,
