date,title,link,content
2023-01-09 13:04:26,"LG화학 석화 부문, 65개 분기 만에 적자 유력...고유가에 '봄날'은 갔나",https://n.news.naver.com/mnews/article/293/0000042077?sid=105,"[




(사진=LG화학)LG화학의 캐시카우인 석유화학 사업부문이 65개 분기 만에 적자 전환할 전망이다. LG화학의 수익 구조는 석유화학 사업 부문이 인큐베이팅 단계인 첨단소재 및 생명과학부문의 낮은 수익성을 메우는 구조다. 수요 감소와 스프레드(제품가격 - 원재료 가격) 악화에 따라 석유화학 사업 부문이 17년 만에 적자를 내면서 LG화학의 수익성에 '빨간불'이 켜졌다.9일 업계에 따르면 LG화학의 석유화학 사업부문은 2022년 4분기 적자 전환할 가능성이 높다. 4분기 석유화학 사업부문은 304억원의 영업손실을 기록할 전망이다. 이는 석유화학 사업부문의 실적 전망치로 LG화학의 2022년 4분기 및 연간 실적은 내달 초 발표될 예정이다.LG화학 석유화학 사업부문은 전분기에는 93억원(영업이익률 1.7%)의 영업이익을 냈다. 전년 동기에는 686억원의 영업이익을 기록했고, 영업이익률은 12.6%에 달해 '더블 디짓' 수준의 영업이익을 기록했다.석유화학 사업부문은 팬데믹 이후에 수요가 폭증하면서 실적이 '퀀텀점프'했다. 2021년 2분기에는 영업이익률이 25.1%에 달해 삼성전자 등 반도체 업체와 맞먹는 수익성을 나타냈다.하지만 2022년 1분기 러시아의 우크라이나 침공으로 글로벌 공급망이 불안정해졌고, 미국 연준의 금리인상에 따라 경기가 급속도로 냉각되면서 상황은 반전됐다. 2022년 3분기 영업이익률은 1%대를 기록하는 등 수익성이 주저 앉았다. 4분기에는 적자가 유력하다. 



(자료=LG화학 IR북)LG화학의 석유화학 사업부문의 적자는 2006년 2분기 이후로 없었다. 2006년 2분기 55억원의 영업손실을 냈다. LG화학은 2006년 2분기 여수공장 정비로 3주 동안 가동을 중단했다. 원재료 가격이 인상에 따라 수익성이 악화돼 적자를 냈다. 같은해 3분기 성수기로 인해 물량 확대와 판가 상승으로 629억원(영업이익률 4.0%)의 영업이익을 내 흑자 전환했다.



(자료=LG화학 IR북)2006년과 달리 2022년 4분기의 영업손실은 외생변수인 유가의 영향이 컸던 것으로 예상된다. 2022년 1분기 러시아 전쟁으로 유가가 급등했고, 지난해 11월까지 배럴당 90달러 안팎의 고유가가 지속됐다. 2023년 1월 6일 기준 국제유가(WTI 기준) 배럴당 73.77달러를 기록해 다소 안정됐다. 하지만 2022년 한해 동안 고유가가 지속되면서 석유화학 산업의 수익성을 크게 악화시켰다.원유를 정제해 얻어지는 납사를 가공, 제품을 생산하는 석유화학 업계는 유가의 영향을 크게 받는다. 업스트림으로 갈수록 유가의 영향을 크게 받고, 다운스트림으로 갈수록 유가의 영향을 덜 받는 구조다. 납사를 분해해 에틸렌과 프로필렌 등 기초유분을 생산하는 업스트림 공정은 유가가 하락할 때 수익성이 높아지고, 유가가 오를 때 수익성이 낮아진다.합성고무와 합성원료를 생산하는 다운스트림 공정은 여러 중간제품을 거치면서 제조되는 만큼 유가의 영향을 상대적으로 덜 받는다. LG화학은 NCC의 비중이 30~40%에 달해 상대적으로 높다. 다운스트림 제품도 생산하지만, NCC 비중이 높은 만큼 유가 변동에 취약하다.때문에 2022년 4분기 적자가 유력한 건 지난해 고유가의 영향으로 풀이된다. 유가가 높게 유지되면서 수익성이 저하됐는데, 경기침체로 석유화학 제품의 수요까지 감소해 스프레드가 악화돼 '이중고'를 겪은 것으로 예상된다.LG화학의 이번 적자는 유가 영향에 따른 단기 적자일 가능성이 크다. 하지만 국제유가는 2008~2012년 경기 하락에 따라 저유가가 유지됐고, 2014년 미국의 셰일가스와 아랍의 봄 사태로 저유가가 이어졌다. 2017년 주요 산유국의 감산 합의와 미중 무역분쟁으로 상승세가 이어졌지만, 2020년 팬데믹에 따라 다시 하락했다.LG화학의 석유화학 사업부문이 65개 분기 동안 흑자를 지속할 수 있었던 것도 장기간 저유가가 유지된 영향이 컸다. 하지만 러시아 전쟁으로 인해 글로벌 공급망이 불안정해졌고, 경기 침체 또한 지속될 가능성이 크다. 2021년 25%의 영업이익률을 기록했던 LG화학의 석유화학 사업부문은 수익성을 걱정할 처지가 됐다.



이는 LG화학이 '인큐베이팅' 중인 생명과학 부문에 영향을 미칠 수 있다. 현재 LG화학의 영업이익은 석유화학과 첨단소재가 견인하는 구조다. 양극재 매출 비중이 높은 첨단소재는 LG에너지솔루션에 납품하면서 수익을 내고 있고, 전체 영업이익의 약 40% 가량을 차지하고 있다. 나머지는 석유화학 사업부문에서 나온다. 생명과학 분야는 현재 육성하고 있는 만큼 마진이 거의 없다.LG화학은 캡티브인 LG에너지솔루션이 글로벌 생산기지를 증설하고 있는 만큼 빠르게 양극재 캐파를 확대해야 하는 상황이다. LG화학은 4조원을 투자해 미국에 양극재 생산공장을 건설할 계획이다. 2022년 3분기 기준 LG화학의 향후 투자액은 1조4220억원이다. 여기에 미국 투자 규모까지 합할 경우 약 5조원이 추가로 필요하다.LG화학은 자체 영업이익과 현금흐름으로 생명과학과 양극재 사업에 투자해야 하는데, 그러려면 캐시카우인 석유화학 사업부문이 안정적으로 수익을 창출해야 한다. 유가 변동성이 클수록 석유화학 사업부문의 수익성 또한 영향이 클 전망이다.
		]"
2023-01-09 14:03:04,"화학연, '찾아가는 화학콘서트' 개최…기후위기·탄소중립 특강",https://n.news.naver.com/mnews/article/001/0013689602?sid=102,"[




'제1차 찾아가는 화학콘서트'[한국화학연구원 제공. 재판매 및 DB 금지](대전=연합뉴스) 김준호 기자 = 한국화학연구원 탄소자원화 플랫폼 화합물 연구단(이하 플랫폼 연구단)은 9일 연구원 디딤돌플라자 3층 교육장에서 '제1차 찾아가는 화학콘서트'를 개최했다.    이날 행사는 대전지역 학생·학부모 등이 참여한 가운데 지구온난화·기후 위기 특강, 화학 기초 학습 도구 특강, 케미아트리움 견학 등 순서로 진행됐다.    플랫폼 연구단 연구원들이 이산화탄소 포집·저장, 탄소자원화 등 온실가스 감축을 주제로 지구온난화·기후위기 등 전문 지식을 학생·일반인이 쉽게 이해할 수 있도록 전달했다.    이윤조 연구단장은 ""화학콘서트를 통해 과학 대중화에 한 발 더 가까이 다가서는 동시에 탄소중립을 위한 국책연구단의 임무·역할도 적극적으로 알릴 예정""이라고 말했다.    지난해 5월 출범한 플랫폼 연구단에는 화학연과 한국에너지기술연구원(KIER), 한국과학기술연구원(KIST), LG화학, GS건설, 서울대학교 등 총 22개 연구기관·대학·기업이 참여했다.    플랫폼 연구단은 지구온난화 주범인 이산화탄소 등 제품 생산 공정에서 부산물로 발생하는 부생가스와 생물에서 유래된 유기물이 다량 함유된 유기성 폐기물에서 에틸렌·탄화수소·윤활유 등 유용한 플랫폼 화합물을 생산해 내는 탄소자원화 기술을 개발하게 된다.    kjunho@yna.co.kr
]"
2023-01-08 22:42:29,"독일, 화학 테러 모의 이란인 남성 체포",https://n.news.naver.com/mnews/article/003/0011632267?sid=104,"[
기사내용 요약이란 용의자, 청산가리·리신 등 입수이슬람 극단주의 동기 범행 가능성



[카스트로프 라우크셀] 독일에서 화학 테러를 모의한 이란 국적 남성이 8일(현지시간) 독일 카스트로프라우크셀 특수작전사령부에 체포되고 있다. 독일 경찰은 이 남성이 이슬람 극단주의와 관련한 동기로 테러 공격을 계획한 것으로 보고 있다. 2023.01.08.[서울=뉴시스]신정원 기자 = 독일에서 화학 테러를 모의한 30대 이란 남성이 체포됐다.외신들에 따르면 독일 서부 뮌스터 경찰은 8일(현지시간) 이슬람 극단주의 동기의 테러 공격을 위해 청산가리와 리신(파마자 씨 속의 독성 물질)을 입수한 이란 국적 32세 남성을 체포했다고 밝혔다.용의자는 뒤셀도르프 검찰청 산하 대테러를 담당하는 노르트라인웨스트페일리아 검찰 조사를 받은 뒤 구금됐다.현지 수사 당국은 이 남성의 테러 계획에 대해 외국 정보기관에서 제보를 받은 것으로 전해졌다.경찰은 카스트로프 라우크셀에 있는 용의자의 집을 수색하는 과정에서 관련 자료를 확보했으며 조사를 진행하고 있다고 말했다.경찰은 이 사건과 관련해 또 다른 관련자도 구금 중이라고 했으나 자세한 내용은 밝히지 않았다．
]"
2023-01-09 15:32:03,SKT-SKB 화학적 결합'…첫 시험대는 '키즈 사업',https://n.news.naver.com/mnews/article/014/0004953156?sid=105,"[
T-B 어린이 고객 소통 관련 공통 지침 적용 예정유영상 사장이 강조한 '원바디' 기조 박차  [파이낸셜뉴스] 단일 대표이사 체제 등 '화학적 결합'을 선언한 SK텔레콤과 SK브로드밴드가 첫 시너지 분야로 어린이 관련 서비스를 택했다. 키즈 콘텐츠 영역은 양사가 지난해 하반기부터 공동 브랜드 'ZEM'을 통해 공동 마케팅을 진행하는 등 본격적으로 공략하고 있는 분야다. SKT와 SKB는 향후 유·무선 통신, 콘텐츠 등 상호 협력 모델을 강화해 나갈 예정이다.    



 ■키즈 고객 공동 가이드라인 마련 9일 관련 업계에 따르면 SKT와 SKB(T-B)는 각사의 대고객·브랜드메시지를 담당하는 조직 간 어린이 고객 커뮤니케이션 가이드'를 공유했다. T-B는 향후 각사 의견을 반영하고 보완해 최종적인 가이드라인을 만들어 적용할 방침이다.   해당 가이드라인은 연령대에 적합한 상품·콘텐츠 설명 등을 주문했다. 어린이 고객들이 이해하기 쉽고 친근감을 느낄 수 있는 표현 위주의 콘텐츠와 상품 설명을 담자는 취지다. 어린이 고객 소통을 구체화·고도화하기 위해 연령대와 그에 따르는 기준도 세분화했다. 만 4~8세, 만 9~12세로 구분하고 각각의 특성에 맞는 의사소통 방법을 마련한 것이다.   만 4~8세 연령층에는 △친구가 말하듯 쉽게 △절대 부정적인 표현을 삼가기 △하고 싶어지도록 상호작용 △다양한 의성어와 의태어 사용 등 방식을 적용한다. 각 기준의 앞글자를 따 '친절하다'는 원칙을 세웠다. 만 9~12세에 대해선 △논리적 표현 △흥미를 유발할 수 있는 적절한 보상체계 활용 △잘못된 고정관념을 심어줄 수 있는 성 역할에 대한 표현 지양 등을 강조했다.    



지난 2일 유영상 SK텔레콤 및 SK브로드밴드 사장이 SK브로드밴드 본사에서 사장 취임과 함께 신년 타운홀 미팅을 진행하고 있다. ■유영상 강조한 '원바디' 본격화 이번 T-B 간 협력은 양사 대표를 겸임하게 된 유영상 사장이 강조한 'Virtually One Company', '원바디' 기조와도 맞닿아 있다. 그 중에서도 지난해 하반기부터 양사가 함께 경쟁력 제고에 힘쓰고 있는 키즈 영역에서의 협력을 먼저 선정한 것으로 풀이된다.   앞서 T-B는 'ZEM'이라는 브랜드를 앞세워 키즈 콘텐츠·서비스 강화에 역량을 투입하고 있다. SKT는 △ZEM폰 △ZEM애플리케이션(앱) △ZEM요금제 △ZEM플레이스를 운영 중이며, 지난해 11월 어린이 고객 대상 친근감을 올리기 위해 ZEM 전용 캐릭터(ZEM파이브)도 공개했다. SKB는 B tv 키즈 서비스 'B tv ZEM'에서 △튼튼영어 △증강현실(AR), 인공지능(AI) 등을 적용한 '살아있는' 시리즈를 통한 서비스 강화에 나서고 있다. T-B는 지난해 말 ZEM을 IPTV와 스마트폰을 포괄하는 대표 키즈 브랜드로 키우겠다고 밝히기도 했다.   이번 공통 지침을 기반으로 유 사장이 작년부터 강조한 T-B 간 화학적 결합에도 힘이 붙을 것으로 보인다. 유 사장은 지난해 'AI 컴퍼니' 비전 발표와 함께 T-B 브랜드 리뉴얼을 동시 진행했다. SKB 사장에 취임한 올해 취임사에서도 T-B 간 '화학적 결합'을 강조한 바 있다. 향후 T-B는 이러한 기조 아래 공동의 영역 및 가능성들을 발굴해 나갈 계획이다.   SKT 관계자는 ""최고경영책임자(CEO)의 기조 아래 다양한 노력들 중에서도 고객 소통은 기본 영역이다""며 ""원바디 기조 아래 콘텐츠 등 공동의 영역, 서로에게 필요한 부분들에 대해 적극 소통하고 협력해 나갈 것""이라고 설명했다. #SKT #키즈 #skb  
]"
2023-01-09 18:51:31,역사 속에 담긴 '화학'의 비밀,https://n.news.naver.com/mnews/article/656/0000039793?sid=103,"[
세계사를 바꾼 화학이야기 (오미야 오사무 지음 / 김정환 옮김 / 사람과 나무사이 / 349쪽 / 1만8500원)역사의 결말을 바꾼 '화학 지식'...우주탄생부터 시민혁명까지어려운 화학, 친숙한 세계사로 쉽게 풀어내



세계사를 바꾼 화학 이야기세계 7대 불가사의 중 하나로 꼽히는 피라미드는 이집트에 138기가 자리를 잡아 그 위용을 자랑하고 있다. 이 중 가장 큰 규모를 자랑하고 높은 수준을 보유한 피라미드는 단연 '쿠푸 왕의 피라미드'다. 이 피라미드 높이는 약 139m로, 지어질 당시엔 약 147m에 육박했다. 각 밑변의 길이만 230m에 평균 무게 2.6t의 돌 230만 개로 이뤄진 압도적인 규모를 선보이고 있다. 쿠푸 왕의 피라미드는 대단한 규모 외에도 너무나도 정교하면서 완벽한 구조를 지니고 있어 600만t의 무게를 지탱하면서도 5000년의 세월 동안 큰 손상 없이 멀쩡한 외용을 갖추고 있다. '외계인이 쿠푸왕의 피라미드를 만들었다'는 터무니없는 주장마저 제기되는 이유도 이 때문이다. 외계인의 외주마저 의심되는 쿠푸 왕의 피라미드엔 오늘날의 최첨단 기술로도 흉내낼 수 없는 뛰어난 측량술과 건축술이 있고 무엇보다 시대를 초월한 '화학 지식'이 응집돼 있다. 돌 절단기 같은 정교한 도구를 보유하지 않았던 고대 이집트인은 피라미드 건축에 사용되는 석재를 자르기 위해 4500년의 기술력이라는 것이 믿기지 않는 화학 지식을 사용했다. 학자들의 심층 연구에 따르면 우선 인부들이 송곳으로 거대한 석재를 잘라내고자 하는 위치에 일직선으로 많은 구멍을 뚫는고 그 구멍에 나무 막대기를 꽂아 물을 붓는다. 이 상태를 일정 시간 유지하면 나무 막대기가 부풀어 올라 팽창하면서 그 구멍을 따라 석재를 갈라놓는다. 이를 화학적으로 설명하자면 바짝 마른 나무 막대기 내부에 남아있는 여러가지 성분의 분자를 희석하고자 물이 표피에서 내부로 흘러 들어가는 현상이다. 전문 용어로 '침투'다. 이때 발생하는 물이 흘러 들어가려고 하는 압력, 즉 침투압이 매우 크기 때문에 단단하고 거대한 석재를 쪼갤 수 있게 된다. 나무 막대기의 수만 충분하다면 돌 절단기 없이도 피라미드의 기반이 되는 거대한 돌을 마음껏 쪼깰 수 있다는 얘기다. 화학이 사용된 건 건축물뿐만이 아니다. 고대 그리스의 정복왕 알렉산드로스 대왕은 염료지식과 염색기술을 활용해 페르시아와의 전쟁에서 승리했다. 빨간색 염료로 병사들의 군복을 물들여 마치 피범벅이 된 것 마냥 속여 페르시아군의 방심을 유도한 것이다. 책 제목에 '화학'이 적혀 있다고 해서 겁 먹을 필요가 없다. 보기만 해도 머리가 지끈거리는 화학 이야기를 인류사와 세계사를 섞어 쉽게 풀어냈다. 책은 우주의 탄생에서부터 선사시대, 고대문명을 거쳐 로마제국, 르네상스, 시민혁명까지 시간 순대로 나열했다. 그 안에서 재밌는 화학기법들이 시대상황과 어떻게 얽혀있거나 혹은 어떻게 역사를 바꿨는지에 대한 내용이 소개된다. 더불어 크게 관심을 기울이지 않고 지나쳤던 일상의 현상들을 다시 생각해보게 만든다. 저자가 설명해준 화학 작용을 주변의 일에 접목시켜 읽다 보면 금세 화학의 매력에 흠뻑 빠진 자신을 볼 수 있게 될 것이다.
		]"
2023-01-09 16:30:27,"""투자할 곳은 많은데 늦어지는 바닥 확인""…고심 깊은 양대 화학사",https://n.news.naver.com/mnews/article/008/0004838220?sid=101,"[
			[LG화학 석유화학사업본부, 16년 만에 적자 전망·롯데케미칼, 3개 분기 연속 적자 전망 등]



화학업계의 지난한 바닥찾기가 이어지고 있다. 국내 양대 화학기업이라 할 수 있는 LG화학은 지난해 4분기 실적 눈높이가 1월 들어 잇따라 하향 조정중이고 롯데케미칼은 4분기에 적자를 이어갔을 것이란 관측이다. 올 한 해 화학업계는 경기침체에 따른 수요타격과 금리 상승기 신사업 투자를 지속해야 하는 과제를 모두 극복해야 한다. 9일 금융투자업계에 따르면 국내 화학업계 지난해 4분기 수익성에 대한 추정치가 잇따라 하향되는 추세다. 이날 에프앤가이드에 따르면 LG화학과 롯데케미칼에 대한 지난해 4분기 매출액 추정치는 각각 전분기 대비 5.7% 늘어난 14조9816억원, 0.8% 늘어난 5조7295억원이다. 같은 기간 영업이익 추정치는 LG화학이 13.4% 감소한 7807억원, 롯데케미칼은 적자를 이어간 926억원이다. 1월 이후 보고서를 내고 있는 개별 증권사 전망치는 좀 더 보수적이다. 최근으로 올수록 기대치를 더 낮추는 상황이다. 조현렬 삼성증권 연구원은 LG화학 지난해 4분기 영업이익에 대해 약 4988억원으로 예상하면서 ""컨센서스를 하회할 것으로 예상한다""며 ""석유화학 업황의 추가적 둔화, 정기보수 영향, 배터리 자회사 및 배터리 소재 사업 실적 하향 등에 기인한다""고 밝혔다. 특히 롯데케미칼은 지난해 11월까지만 하더라도 3분기를 바닥으로 4분기에 영업이익 흑자로 돌아설 것으로 예상했었지만 현재는 적자를 이어갈 것이란 분석이 대부분이다. 조 연구원은 ""(11월 이후) 원/달러 환율 및 나프타의 추가 하락과 업황 부진 지속으로 적자를 지속할 전망""이라며 ""영업손실액은 약 777억원으로 컨센서스와 유사할 것""이라고 내다봤다. 실적 눈높이가 낮아지는 공통의 가장 큰 이유는 경기 침체 우려다. 반도체, 자동차, 가전 등 전방 산업 모두에서 실적·수요가 하향하면서 기초소재에도 부정적 효과가 전이된 것이다. 금리가 빠른 속도로 오르면서 소비자들이 지갑을 닫는 원인이 가장 크고 기업들도 대규모 설비투자에 선뜻 나서기 힘든 상황이다.LG화학은 주력 사업부 중 한 곳이라 할 수 있는 석유화학사업본부에서 지난해 4분기 적자를 기록했을 것이란 관측들이 나온다. 1월 이후 보고서를 발간한 증권사별로 300~400억원대 적자를 예상했다. 증권가 예측대로 LG화학 석유화학사업에서 적자를 기록한다면 이는 2006년 2분기(-55억원) 이후 약 16년 만이다. 롯데케미칼도 지난해 4분기 올레핀 사업에서 800억원 안팎의 적자를 기록했을 것이란 증권가 추정들이 나온다. 올레핀은 에틸렌, 프로필렌, 부타디엔 등으로 구성되며 범용 원료인만큼 '석유화학산업의 쌀'로 여겨진다.  최근 들어 환율 및 원료가가 하향된 것도 4분기 실적에 부정적 요인이다. 비싸게 원료를 샀지만 최근 수요는 급감해 판가가 그만큼 올라오지 못했다. 이밖에 4분기 정기보수, 화물연대 파업 등도 실적에 악영향을 줬다는 분석들이 나온다. 문제는 올 한 해다. 업계 관계자들은 당초 지난해 2~3분기 저점을 찍을 것이란 기대와 달리 4분기 상황이 더 안 좋아졌는데 올 해 회복세도 장담할 수 없다는 데 입을 모은다.  한 업계 관계자는 ""올해 화학업계 수익성이 평년 대비 30%, 40%, 심지어 50% 떨어질 것이라 보는 곳이 나올 정도""라며 ""올해 상반기 중 바닥을 확인하고 가는 것이 관건일 것""이라고 진단했다. 수익성에 대한 기대는 제한적인데 돈이 들어갈 곳은 많다. 국내외 화학기업들이 탄소중립 목표를 내세운 만큼 사업전환을 지체할 수 없어서다. 신용평가사들도 올해 석유화학 업종에 대해 비우호적 여건임을 강조하면서 현 사업 측면에서는 경기침체의 극복과 미래 사업 측면에서는 자금조달이 관건이 될 것으로 봤다. 롯데케미칼은 올 해 총 2조7000억원 규모의 일진머티리얼즈 인수 작업을 마무리지어야 하고 LG화학은 배터리 소재인 양극재 생산능력을 확장해야 하는 등 향후 4~5개년 간 배터리 자회사를 제외하고도 매년 5조원 가량의 설비투자(친환경, 배터리 소재, 바이오 등)를 계획중이다. 한국신용평가 강병준 수석애널리스트는 올해 석유화학사업 전망에 대해 ""중국 수요 개선에도 글로벌 경기 둔화가 석유화학수요 성장폭을 제한하고 있다""며 ""업황이 부진한 가운데 대규모 투자부담이 이어질 전망으로 업체별 투자 및 재무부담 변화 수준, 투자 성과 등에 대해 모니터링을 강화할 예정""이라고 밝혔다. 
]"
2023-01-09 15:55:03,"[충북기업 주가] 외국인·기관 쌍끌이 매수에 상승 일색...LG화학 5.05%↑, LG엔솔 4.50%↑",https://n.news.naver.com/mnews/article/655/0000007120?sid=101,"[
















(CG: 빈효정 인턴사원)
		]"
2023-01-06 18:01:18,'외부 인재' 적극 영입하는 포스코그룹...이차전지연구소장에 LG화학 출신 홍영준 전무,https://n.news.naver.com/mnews/article/293/0000042056?sid=105,"[




최정우 회장.(사진=포스코홀딩스)포스코그룹이 6일 LG화학 미래기술연구센터장을 역임한 홍영준 전무를 신임 이차전지소재연구소장에 임명했다. 포스코그룹은 인공지능(AI) 등 기술 경쟁이 치열한 분야에 외부 인사를 적극 영입하는 분위기다. 과거 대관 등 커뮤니케이션 전문가를 한화그룹과 국회에서 영입했는데, R&amp;D를 총괄하는 연구소장에는 내부 인사를 기용해 왔다. 그런데 최근에는 삼성과 현대차, LG 출신을 적극 기용하고 있다.기술 경쟁이 치열하고, 빠른 성장이 필요한 분야는 적극적으로 외부 인사를 영입해 성과를 내겠다는 의도로 풀이된다. 포스코그룹은 이날 정기 임원 인사를 발표했다. 신임 이차전지소재연구소장으로 홍영준 전 LG화학 미래기술연구센터장(전무)을 임명했다. 포스코그룹은 2022년 상반기 자문으로 물러난 홍 전무를 전격 영입했다.홍 소장은 서울대 공업화학과를 졸업, LG화학 재료사업부문장, 기술기획담당, 미래기술연구센터장을 지냈다.포스코그룹은 최근 외부 출신 인사를 적극적으로 영입하고 있다. 2021년 AI연구소장에 김주민 LG전자 인공지능연구소장을 영입했다. 김필호 삼성디스플레이 연구소 AI팀 소장은 포스코홀딩스 AI연구센터장에, 포스코ICT AI기술그룹장에는 현대차 로봇틱스랩 로봇지능팀장을 역임한 윤일용 상무보를 임명했다.이렇듯 과거와 달리 '순혈주의'를 적극 타파하는 분위기다.



김지용 포스코홀딩스 신임 미래기술연구원장, 양원준 커뮤니케이션팀장.(사진=포스코홀딩스)포스코홀딩스는 미래기술연구원장에 김지용 포스코 안전환경본부장을 신규 선임했다. 신임 김지용 원장은 유타대 물리야금학과 박사학위를 취득했으며 포스코 신소재사업실장, 인도네시아 PT.KP 법인장, 광양제철소장, 안전환경본부장 등을 지냈다.포스코홀딩스 커뮤니케이션팀장에는 양원준 포스코 경영지원본부장이 신규 선임됐다. 신임 양원준 팀장은 포스코 사회공헌실장, HR혁신실장, 기업시민실장, 경영지원본부장 등을 거쳤다.트레이딩과 에너지사업 합병법인인 포스코인터내셔널은 부문장직을 신설해 트레이딩 부문장에 이계인 철강1본부장을, 에너지 부문장은 이전혁 에너지기획본부장을 각각 승진 발령했다. 신임 이계인 부문장은 대우 출신으로 철강, 화학, 부품소재 등 다양한 분야 거래를 경험한 무역전문가다. 신임 이전혁 부문장은 포스코 국내사업관리실장, 포스코에너지 경영기획본부장 등을 지낸 에너지사업 전문가다. 이번 제철소 수해 복구에 헌신한 현장 출신 명장들도 임원급으로 발탁 승진됐다. 상무급 기술위원으로 신규 선임된 손병락 명장은 1977년 포항제철공고 졸업후 포스코에 입사했다. 포스코 현장에서만 45년째 설비 구동의 핵심부품인 전기모터 정비를 담당하고 있는 국내 전동기 기술 분야 1인자다. 포스코 1호 명장이기도 하다. 신임 조길동 상무보는 1982년 포항제철공고 졸업후 포스코에 입사해 지난해 말 정년퇴임 전까지 제강공장에서 주로 근무해온 제강전문가다. 정규점 상무보는 1983년 동의공업전문대 졸업후 포스코에 입사해 줄곧 제철소내 전기기술업무를 담당해온 전기설비 최고 권위자다. 이들은 지난 2015년, 2020년 포스코 명장으로 각각 선정됐다.  그룹내 신성장사업 분야 스타급 연구원들의 발탁 승진도 눈에 띈다. 포스코케미칼 김정한 양극재연구그룹장, 이헌영 음극재연구그룹장, 포스코ICT 윤일용 AI기술그룹장, 윤석준 로봇사업추진반장이 신규 상무로 선임됐다. 포스코그룹은 철강을 넘어 ‘친환경 미래소재 대표기업’으로 한단계 도약을 위한 중추적 역할을 이들이 맡아줄 것으로 기대하고 있다. 포스코는 이번 인사를 통해 성과, 현장, 리더십을 중시하는 임원 인사 방침 기조를 더욱 강화했다. 제철소 수해 복구 및 조업 정상화에 크게 기여한 현장 출신 명장들을 우대했다. 그룹 미래성장 동력을 더욱 강화하기 위해 외부 전문 인력 영입과 함께 그룹사내 신성장사업분야 스타급 연구원들을 발탁했으며, 지주사와 사업회사간 인력 교류를 확대했다.
		]"
2023-01-05 14:18:01,작년 LG화학 등 24개사 국내 ‘U턴’…투자계획 1조원 돌파,https://n.news.naver.com/mnews/article/366/0000867700?sid=101,"[
산업부, 해외진출기업 국내복귀 동향 발표  투자계획 역대 최대…전년比 43% 증가



LG화학 여수공장 용성단지 전경.        지난해 LG화학을 포함해 24개의 해외진출기업이 국내로 복귀한 것으로 나타났다. 국내 유턴 기업들의 투자계획 규모도 사상 처음으로 1조원을 돌파한 것으로 나타났다.5일 산업통상자원부에 따르면 지난해 국내 복귀를 확인 받은 기업은 24개로 전년(26개)보다 소폭 감소한 것으로 집계됐다. 다만 24개 기업의 투자계획 규모는 1조1089억원으로 전년 대비 43.6% 증가했다.‘유턴기업’이라고도 불리는 국내 복귀기업은 ‘해외진출기업의 국내복귀 지원에 관한 법률’(국내복귀 지원법)에 따라 요건을 충족, 정부에서 지원대상 국내복귀 기업 선정확인서를 받은 기업을 말한다.해외진출기업 국내복귀 지원법이 시행된 2014년 이후로 국내복귀한 기업의 수는 총 126개사(누적)를 기록했다.



국내복귀기업 투자계획 규모 추이 (단위 : 억원). /산업통상자원부 제공        지난해 복귀 기업당 평균 투자계획 금액은 462억1000만원으로 전년 대비 55.5% 증가했다. 중견·대기업 비중 증가, 공급망 관련 기업 중심의 복귀가 투자 규모를 키웠다는 분석이 나온다.기업 규모별로는 중견·대기업의 비중이 증가했다. 이들 기업의 비중은 37.5%(9곳)를 기록했다. 반도체와 모바일용 PCB 기업과 반도체용 화학제품 기업 등 6곳이 관련 법령에 따라 첨단업종과 공급망 핵심 기업으로 확인받으면서 복귀했다.업종별로는 전기전자와 자동차, 화학 등 자본 집약적 업종(83.3%)에 집중됐다. 유턴 기업의 평균 고용계획 규모는 74.8명으로 집계됐다.유턴 기업들은 해외 투자 환경 악화와 내수시장 확대를 노리고 돌아오는 것으로 나타났다. 해외에서도 인건비가 오르며 생산원가가 증가하고, 현지 당국의 규제도 강화되면서 경영활동이 위축되는 등 부정적 요인이 늘고 있다는 게 유턴 기업들의  설문 조사 결과에서 나타났다.산업부는 “우량기업의 국내 복귀를 확대하기 위해 국내외 유치 활동과 기업 지원활동을 활발하게 전개할 계획”이라며 “코트라 등 유관기관과 대규모 설명회를 개최하고 올해 570억원의 투자보조금 등 인센티브를 활용해 국내 복귀기업을 적극 유치하고 국내 정착을 지원하겠다”고 말했다.
]"
2023-01-03 14:16:46,"이창양, LG화학 오송공장서 ""바이오 성장동력으로 활용해야""",https://n.news.naver.com/mnews/article/003/0011624708?sid=101,"[
기사내용 요약미래산업으로 집중 육성…'바이오경제 2.0' 강조손지웅 사장 ""제조 생태계 활성화·원부자재 공급망"" 



[서울=뉴시스] 권창회 기자 = 이창양 산업통상자원부 장관이 8일 태풍 '힌남노'의 영향으로 침수된 현대제철 포항 1공장을 방문해 생산 시설을 둘러보고 있다. (사진=산업통상자원부 제공) 2022.09.08. photo@newsis.com *재판매 및 DB 금지【세종=뉴시스】이승주 기자 = 이창양 산업통상자원부 장관은 3일 ""바이오의약품 위탁생산(CMO)분야의 초격차를 지속적으로 확보하는 등 바이오를 산업 전반의 혁신과 성장동력으로 활용하는 '바이오 경제 2.0'에 나서야 한다""고 밝혔다.이 장관은 이날 충북의 LG화학 생명과학사업본부 오송공장을 방문해 최근 국내외 바이오산업 동향을 점검하고 경쟁력을 강화하기 위한 방안을 논의했다. 앞서 산업부는 지난 27일에 열린 '2023년 산업부 업무보고'에서 바이오를 산업 전반의 혁신과 성장동력 창출을 위한 미래 산업으로 집중 육성하기 위해 '바이오경제 2.0' 추진을 발표한 바 있다.이번에 방문한 LG화학은 바이오 의약은 물론 바이오 소재와 바이오 연료를 개발·생산하는 대표적인 '바이오경제 2.0' 기업이다. 미국 일리노이주에 연 7만5000t(톤) 규모의 바이오플라스틱 생산공장 건설과 충남 서산시 대산읍에 차세대 바이오오일 '수소화식물성오일(HVO)' 생산공장 건설을 추진해왔다.이 장관은 ""우리 바이오 산업이 세계 2위 규모의 CMO능력과 바이오시밀러 분야의 세계적 경쟁력을 확보하는 등 가시적인 성과를 창출했다""면서 ▲바이오데이터 ▲바이오소재 ▲바이오에너지 ▲바이오제조 등 4대 분야를 중점 육성하고 민관 합동 협의체를 구성해 '바이오경제 2.0 로드맵'을 수립하겠다고 밝혔다.산업부에 따르면 지난해 미국 식품의약국(FDA)의 허가를 받은 바이오시밀러는 미국이 21개로 가장 많고 우리나라는 8개로 그 뒤를 잇는다. 이날 손지웅 LG화학 생명과학사업본부장(사장)은 ""영·유아 필수 예방 백신 등 바이오 의약품의 자국화를 위한 투자를 강화하고 안정적인 원부 자재 공급망을 확보하는 것이 필요하다""며 ""바이오 플라스틱과 바이오 연료 등 친환경 제품 시장 확대와 생산 기반 고도화, 제조 생태계 활성화 등에 지원해 달라""고 촉구했다.이에 이 장관은 ""바이오 업계와 끊임없이 소통하며 현장의 의견을 수렴해 정책에 반영하겠다""며 ""올해 대내외 경제 여건이 녹록지 않지만 바이오 산업이 한 단계 도약할 수 있도록 지원에 총력을 다하겠다""고 말했다．
]"
2023-01-05 18:22:05,"삼양그룹, 화학硏 등 작년 R&amp;D 성과 시상",https://n.news.naver.com/mnews/article/014/0004952034?sid=101,"[




김윤 삼양그룹 회장(왼쪽)이 5일 '삼양 이노베이션 R&amp;D페어'에서 연구개발(R&amp;D) 전략 과제 전시를 살펴보고 있다. 삼양그룹 제공 삼양그룹이 연구개발(R&amp;D) 성과를 공유하고 시상하는 '삼양 이노베이션 R&amp;D 페어(SIRF) 2022'를 개최했다.   5일 관련 업계에 따르면 삼양그룹은 이날 경기 성남 판교 삼양디스커버리센터에서 SIRF 2022를 열었다.   SIRF는 한 해 동안 삼양그룹 연구원들이 일궈낸 R&amp;D 성과를 전시·발표하는 행사다.   삼양그룹은 이번 SIRF 2022에서 18개의 주요 과제를 전시하고 우수 R&amp;D사례 2건에 대해 시상했다. 대상은 화학연구소의 '이소소르비드 공정 개발 및 상업화' 과제가 수상했으며 우수상은 의약바이오연구소의 '경구 항암제 레날리드 정 제품 개발'이 선정됐다. SIRF 포상은 이익 등 경제적 성과, 회사 경쟁력 기여도, 혁신성, 창조성 등을 종합적으로 고려해 선정된다.   김윤 삼양그룹 회장은 ""대외환경의 불확실성 심화 속에서 '위기 극복'과 '미래 성장'의 두 가지 과제를 달성하기 위해서는 R&amp;D 고도화가 필수적""이라며 ""미래 성장동력 발굴, 디지털 트랜스포메이션을 통한 R&amp;D 효율화, 오픈이노베이션 및 융복합 기술 발굴이 특히 중요하다""고 말했다.  
]"
2023-01-03 12:22:01,기업들 올해 성장률 1.16% 전망... IT·가전·정유·화학은 ‘한파’,https://n.news.naver.com/mnews/article/366/0000867051?sid=101,"[
			        국내 제조업체들이 올해 우리나라 경제성장률을 1% 초반대로 예상한다는 조사 결과가 나왔다. 또 올해 제약, 화장품, 전기 업계는 호실적이 기대되지만 IT(정보기술)·전자, 정유·화학 등에는 한파가 불어닥칠 것으로 전망됐다.대한상공회의소는 최근 전국 2254개 제조업체를 대상으로 조사한 ‘기업이 바라본 2023 경제·경영 전망’을 3일 발표했다.기업들이 예상한 2023년 한국 경제성장률 전망치는 1.0∼1.5% 구간이 30.6%로 가장 많았다. 이어 1.5∼2.0%(28.8%), 0.5∼1.0%(15.4%) 순이었다.역성장을 전망한 기업도 8.8%였다. 반면 3% 이상 성장을 전망한 기업은 0.4%에 그쳤다. 전체 응답 결과의 가중평균값은 1.16%로 집계됐다. 대개 1.5∼2.0% 수준인 국내외 기관 전망치보다 낮은 수준이다.주요 기관의 실질 국내총생산(GD0) 기준 올해 성장률 전망치는 기획재정부 1.6%, 한국은행 1.7%, 한국개발연구원(KDI)·경제협력개발기구(OECD) 1.8% 등이다. 이는 기업들이 현장에서 느끼는 경제 여건이 더 좋지 않다는 것을 보여주며, 고물가와 고금리의 어려움에 내수 위축 우려가 반영된 결과라고 대한상의는 분석했다.



대한상공회의소 제공        새해 매출 전망치를 비교해 업종별 기상도를 분석한 결과 ‘맑음’ 업종은 제약, 화장품, 전기장비 순으로 나타났다. 식품, 자동차, 조선, 의료·정밀은 ‘약간 맑음’, 철강, 기계, 목재, 가구는 ‘흐림’이었다. ‘한파’ 업종은 비금속광물, 섬유, 정유·화학, IT·가전 등이었다. 제약은 코로나19 특수 지속, 화장품은 중국 소비 회복 기대 등이 호재로 작용했다. 원자재 비중이 크고 글로벌 수요에 민감한 업종은 부진할 것이라는 전망이 우세했다.새해 매출과 수출 실적을 각각 어떻게 전망하는지 묻는 질문에는 작년 수준이라고 답한 기업이 33.1%, 43.2%로 가장 많았다. 다만 작년 대비 마이너스를 전망한 기업도 많아 가중평균값은 매출 전망 -1.0%, 수출 전망 -1.3%로 집계됐다. 경영 전망이 어두운 만큼 투자도 보수적으로 운영하겠다는 기업이 많았다. 새해 투자 계획은 지난해와 같은 수준이라는 응답이 53.5%로 가장 많았고, 33.9%는 투자를 줄인다고 답했다. 반면 투자를 늘린다는 기업은 12.6%에 그쳤다. 기업들은 새해 한국 경제를 위협할 요인으로 고물가·고원자재가 지속(67.3%), 내수경기 침체(38.2%), 고금리 지속(29.2%), 원·부자재 수급 불안(17.8%), 고환율 장기화(16.7%) 등을 꼽았다.
]"
2023-01-08 11:02:03,"LG화학·롯데케미칼 등 석유화학업계, 정기 보수 마쳐도 가동률 제자리",https://n.news.naver.com/mnews/article/030/0003071196?sid=004,"[




[사진= 롯데케미칼 제공]LG화학, 롯데케미칼 등 국내 석유화학업계가 지난해 정기 보수를 마쳤지만 좀처럼 가동률을 회복하지 못하고 있다. 미진한 석유화학제품 수요가 원인이지만 가동률을 낮출 경우 고정비 부담이 느는 등 딜레마에 빠진 모양새다.LG화학의 여수 NCC 공장 가동률은 80% 안팎인 것으로 파악되고 있다. 지난해 말 정기 보수를 마쳤지만 가동을 멈추기 전과 비슷한 수준이다.다른 석유화학사도 상황은 비슷하다. 대한유화는 LG화학보다 앞선 지난해 9월 정기 보수를 마쳤지만 공장 가동률이 이전 수준에 그친 것으로 알려졌다. 지난해 초 보수를 마친 롯데케미칼도 마찬가지로 70~80%대 가동률을 유지하고 있는 것으로 파악됐다.석유화학사들이 가동률을 회복하지 못한 가장 큰 이유는 수요 둔화다. 일반적으로 최근과 같이 원료인 나프타 가격이 올라도 수요가 뒷받침되면 상승분을 제품 가격에 반영할 수 있다. 하지만 세계 경기 침체로 수요는 줄어든 반면에 러시아-우크라이나 전쟁 여파로 나프타 가격은 올라갔다. 원재료 가격 부담은 커진 데 반해 제품을 사는 곳이 줄면서 수익 하락으로 이어지는 상황이 된 셈이다.특히 이들 석유화학사는 중국, 일본, 동남아시아 등 역내 시장 수출 비중이 크다. 하지만 중국 시장이 코로나19 재확산 등으로 얼어붙은 상황이어서 당분간 수요 회복은 기대하기 어렵다.한 석유화학사 관계자는 “현재는 큰 폭으로 뛴 원자재 가격에 비해 수요가 부진한 '이중고' 상황으로 나프타와 제품 간 스프레드도 이전과 비교해 많이 축소됐다”면서 “업황 바닥이 확인되기 전까지는 공장 가동률을 높이기가 어렵다”고 말했다.그렇다고 석유화학사들이 현재보다 공장 가동률을 낮추는 것도 현실적이지 않다. 가동률을 낮추면 그만큼 고정비 부담이 늘 수밖에 없기 때문이다.다른 석유화학사 관계자는 “내부적으로는 올해 석유화학 업황이 바닥을 찍고 반등할 것으로 예상한다”면서도 “그러나 자칫 재고만 쌓이는 상황이 벌어질 수 있기 때문에 업황을 보면서 가동률을 조정할 계획”이라고 말했다.
]"
2023-01-03 12:00:01,"새해 IT‧정유화학 '한파', 철강 '흐림'…경제성장률 1.16% 전망",https://n.news.naver.com/mnews/article/119/0002672519?sid=101,"[
전국 제조업 새해 기상도…제약·화장품 외 대부분 비관적



매출 전망치를 통한 새해 업종별 기상도. ⓒ대한상공회의소[데일리안 = 박영국 기자] 기업들이 바라보는 새해 한국경제의 전망이 한파만큼이나 싸늘한 가운데 제약과 화장품 등 일부 업종을 제외하고는 전반적으로 어려울 것으로 예상됐다.대한상공회의소는 최근 전국 2254개 제조업체를 대상으로 ‘기업이 바라본 2023 경제·경영전망’을 조사한 결과를 3일 발표했다.이번 조사에서 새해 매출 전망치를 상대 비교 새해 업종별 기상도를 분석해본 결과, 가장 ‘맑은 업종’은 제약, 화장품, 전기장비 순이었으며, ‘한파가 몰아질 업종’은 비금속광물, 섬유, 정유·화학, IT·가전 순이었다.제약은 코로나 특수가 이어지고 있고, 화장품은 중국 소비회복 기대감 등이 호재로 작용했다. 반면 원자재 비중이 높고, 글로벌 수요에 민감한 업종은 부진한 전망을 보였다.식품, 자동차, 조선, 의료·정밀은 소폭이지만 매출 증가 전망이 나와 ‘약간 맑음’으로 분류됐고, 철강, 기계, 목재·가구는 소폭의 매출 감소 전망이 나와 ‘흐림’으로 분류됐다.기업들이 전망하는 2023년 우리나라의 경제성장률은 1.16% 수준으로 집계됐다. 국내외 기관들의 전망치가 1.5~2.0% 수준인 것과 비교해보면 기업 현장에서 느끼는 경제여건이 더 좋지 않다는 것을 보여준다. 고물가, 고금리의 어려움 속에 내수 위축의 우려가 반영된 결과다.기업들이 응답한 전망치는 1.0~1.5% 구간이 30.6%로 가장 많았고, 1.5~2.0% 구간은 28.8%, 0.5~1.0% 구간은 15.4%였다. 마이너스 역성장을 전망한 기업도 8.8%였던 반면 3%이상을 꼽은 기업은 0.4%에 불과했다. 전체 응답결과의 가중평균값이 1.16%였다.새해 매출과 수출 실적이 작년과 비교해 어떨 것으로 전망하는지를 묻는 질문에 ‘동일 수준’이라고 답한 기업이 가장 많았지만 전체적으로는 ‘마이너스’구간을 꼽은 기업이 더 많아 가중평균값은 1%대 역성장하는 것으로 집계됐다.매출 전망의 경우, 33.1% 기업이 ‘동일 수준’을 전망했지만 마이너스 구간을 꼽은 기업이 34.5%, 플러스 구간을 꼽은 기업이 32.4%로 가중평균값은 마이너스 1.0%로 집계됐다.수출 전망의 경우, 43.2% 기업이 ‘동일 수준’을 전망했지만 마이너스 구간을 꼽은 기업이 26.2%, 플러스 구간을 꼽은 기업이 30.6%로 가중평균값은 마이너스 1.3%로 집계됐다.경영실적 전망이 안좋은 만큼 투자도 보수적으로 운영한다는 답변이 많았다. 작년과 비교해 새해의 투자계획을 묻는 질문에 ‘작년과 동일 수준’이라는 응답이 53.5%로 가장 많았고, ‘작년보다 감소’라는 답변이 33.9%였다. 작년보다 투자를 늘린다는 기업은 12.6%에 그쳤다.2021년 말에 동일한 방법으로 전국 제조업체를 대상으로 실시한 조사에서는 투자를 ‘작년보다 늘려 공격적으로 운영할 전망’이라는 답변이 41.6%였는데 불과 1년 새 29%p 감소한 것이다.반대로 ‘작년과 동일하거나 감소한다’는 보수적 답변은 2022년 전망치인 58.4%에서 2023년 전망치인 87.4%로 크게 증가했다.기업들은 새해 한국경제를 위협할 리스크 요인으로 3고 현상의 지속과 내수소비 둔화를 가장 우려하고 있었다. 기업들이 가장 많이 꼽은 리스크요인은 ‘고물가·원자재가 지속’(67.3%)이었고, 그 다음으로는 ‘내수경기 침체’(38.2%), ‘고금리 지속’(29.2%), ‘원부자재 수급 불안’(17.8%), ‘고환율 장기화’(16.7%) 순이었다.이러한 리스크 요인을 관리하기 위해 정부가 역점을 둬야할 과제로 기업들은 ‘경기상황을 고려한 금리정책’(47.2%)과 ‘환율 등 외환시장 안정’(42.6%)을 가장 많이 꼽았고, ‘자금조달시장 경색 완화’(32.2%), ‘규제혁신 통한 성장동력 확보’(21.7%), ‘수출 및 기업활동 지원’(21.3%), ‘공급망 안정화’(20.2%) 등이 그 뒤를 이었다.김현수 대한상의 경제정책실장은 “지금의 경제적 어려움은 코로나의 정상화 과정에서 전세계 모든 나라가 겪고 있는 문제인 만큼 누가 선제적이고 확실한 대응책을 펼치느냐에 따라 경기회복기의 득실이 달려있다”면서 “지금은 민간, 정부, 정치권은 물론 경영계와 노동계 등 한국경제의 모든 구성원들이 경제 위기상황을 잘 극복하는데 힘을 모아야할 때”라고 말했다.
		]"
2023-01-02 16:55:01,"유영상 ""SK텔레콤·SK브로드밴드 화학적 결합 이루자""",https://n.news.naver.com/mnews/article/092/0002278366?sid=105,"[
사장 취임식 겸 임직원 타운홀 미팅 진행유영상 SK브로드밴드 대표는 2일 ""올해는 SK텔레콤과 SK브로드밴드 간 화학적 결합을 통해 '버츄얼 원 컴퍼니(Virtually One Company. 사실상 한 기업)'를 이루자""고 밝혔다.유대표는 이날 오후 SK브로드밴드 본사에서 사장 취임식 겸 임직원과 타운홀 미팅을 갖고 이와 같이 말했다.그는 ""양사가 한 몸(One-Body)으로 기민하게 시장에 대응하고 성과를 효과적으로 창출하는 등 시너지를 더욱 강화하고자 한다""며 ""그것이 바로 SK텔레콤과 SK브로드밴드의 사장을 겸직하는 이유""라고 설명했다.



유영상 SK브로드밴드 대표가 타운홀 미팅에서 구성원들과 대화하는 모습 (사진=SK브로드밴드)이를 위해 세 가지 관점에서 소비자에게 업계 최고 수준의 가치를 제공할 수 있도록 스마트하게 전략을 추진하겠다고 말했다.먼저 양사 간 시너지를 기반으로 유선과 엔터프라이즈 시장에서 품질과 서비스 경쟁우위의 지속적인 성장을 주문했다. 이어 미디어와 DC사업의 규모 확대를 언급했다.미디어 영역에서는 웨이브, IPTV 3사와 협업해 공동수급 등 콘텐츠 역량을 강화한다. DC사업에서는 국내 최대 수준으로 확보한 부지를 기반으로 소비자를 확대해 결실을 이루는 해로 만들자고 강조했다. 마지막으로 서비스 전 영역에 걸친 디지털 전환 (Digital Transformation) 실행을 당부했다.유 대표는 ""오늘 타운홀 미팅에서 구성원들과 공유한 내용들을 하나하나 적극적으로 실행해 나가겠다""며 ""회사의 성장으로 구성원의 행복이 함께 커지고 이를 다시 회사가 성장하는 연료로 사용할 수 있도록 선순환 구조를 구축할 것""이라고 말했다.
]"
2023-01-08 20:27:03,"몸속 화학물질 ‘도파민’, 육아 시간 늘어날수록 아이 돌보는 능력 커지는 데 작용[신경과학 저널클럽]",https://n.news.naver.com/mnews/article/032/0003197805?sid=105,"[




최한경 대구경북과학기술원 뇌과학전공 교수사랑스러운 아이를 대하는 것처럼 행복한 일이 있을까. 그리고 아이를 돌보는 것처럼 고된 일이 또 있을까. 어떻게 한 가지 일이 이렇게 다른 두 가지 마음을 불러올까 싶은 생각이 든다.알고 보면 여기에는 우리 몸속에서 뇌의 작용과 관련 있는 화학물질인 ‘도파민’이 연관돼 있다. 도파민처럼 일상에서 흔히 언급되는 과학 용어도 드물 것이다. 강력한 쾌락이나 만족스러운 상황을 우리는 도파민과 연결하고는 한다. 도파민은 감정을 조절하거나 행동의 동기를 일으키기도 하고, 어떤 행동의 결과에 따라 이후 행동을 교정하는 신호가 되기도 한다. 극단적으로 양가적인 성격을 지닌 육아에서 도파민은 어떤 역할을 하고 있을까.최근 미국 콜드스프링하버 연구소의 스티픈 셰어 박사팀은 이 궁금증을 푸는 데 다가서는 연구를 했다. 연구진이 살핀 건 생쥐다. 갓 태어난 아기 생쥐는 사람의 아이처럼 무력하다. 어미 생쥐는 둥지를 짓고 그 속에서 아기 생쥐를 품어 키운다. 이 과정에서 꿈틀거리던 아기 생쥐가 둥지 밖으로 구르거나 어미 생쥐가 움직이다 아기 생쥐가 튕겨져 나가기도 한다. 그러면 어미 생쥐는 아기 생쥐를 얼른 둥지로 데려다 놓는데, 이것이 생쥐의 대표적인 양육 행동 중 하나다. 이런 양육 행동은 꼭 어미만 할 수 있는 것은 아니다. 새끼를 낳지 않은 암컷 생쥐들도 할 수 있다. 처음 새끼를 마주한 생쥐는 양육 행동이 미숙한데 짧게는 하루, 길게는 며칠 정도면 제법 능숙하게 새끼를 둥지로 데려온다. 양육 행동을 배우는 속도는 새끼와의 관계나 양육 행동을 수행한 경력에 따라 달라진다. 함께 사는 암컷 생쥐는 하루면 새끼를 능숙하게 둥지로 데려온다. 같이 살지는 않지만 매일 새끼를 함께 돌본 암컷 생쥐도 금방 양육 행동을 배웠다. 같이 살지도 않고 하루에 한 번 정도 잠시 새끼를 보는 생쥐는 며칠이 걸려도 배움이 느린 편이었다. 마치 한집에 사는 이모나 매일 아이와 만나는 어린이집 선생님은 육아에 능숙하지만, 가끔 지나다 아이를 만나는 이웃은 그렇지 못한 것과 비슷한 결과다.연구진은 양육 행동에서 도파민과 행동의 관계를 살펴봤다. 도파민이 ‘동기’나 ‘활력’을 제공한다면 도파민이 많이 분비될 때 생쥐는 새끼를 더 잘 데려올 것이다. 반면 도파민이 행동을 ‘교정’하는 신호로 작동한다면 도파민이 나온 다음에야 새끼를 더 잘 데려올 것이고 새끼를 이미 잘 데려오는 생쥐는 도파민이 별로 나오지 않을 것이다. 행동을 교정할 여지가 없기 때문이다. 한마디로 연구진은 양육 행동과 도파민 분비 시점의 선후 관계를 밝히기로 했다.실험 결과는 도파민이 행동을 교정하는 신호라는 가설을 지지했다. 능숙하게 새끼를 데려오는 생쥐는 육아 행동을 가다듬는 첫날에만 도파민이 강하게 측정됐다. 이미 행동이 능숙해진 이후에는 도파민이 별로 나오지 않았다. 반면 잠시만 새끼를 돌보는 생쥐는 늘 행동 발달의 여지가 있었고, 실험 기간 내내 도파민이 측정됐다. 그리고 도파민 신경세포를 인위적으로 억제한 경우에는 새끼를 데려오는 행동이 숙달되지 않는 가운데 새끼를 데려오려는 시도는 계속 존재했다.행동의 결과에 따라 보상을 얻고, 보상의 정도에 따라 행동을 교정하는 것을 ‘강화 학습’이라고 한다. 강화 학습은 심리학에서 사람의 행동을 설명하기 위해 오랫동안 사용된 개념이며, 최근에는 인공지능 분야에도 활용된다. 이번 연구는 얼핏 본능적인 행동으로 보이는 육아에도 강화 학습이 작동한다는 것을 보여준다. 아이를 볼 때 느끼는 기쁨과 육아에 애를 쓰고 들이는 시간이 늘어날수록 점점 더 아이를 돌보는 능력은 커진다는 것이 이번 연구가 시사하는 대목인 것이다.
		]"
